,CPP_time,haskell_time,haskell_optim_time,CPP_result,haskell_result,haskell_optim_result,file_path
0,0.013701915740966797,0.012619733810424805,0.012534379959106445,Satisfiable,Satisfiable,Satisfiable,/home/users/u6757090/CEGARBoxCPP/benchmarks/qbfMS/C10-V04-D4p-qbf-modKSSS-K4-C10-V4-D4.1.hf  /home/users/u6757090/CEGARBoxCPP/benchmarks/qbfMS/C10-V04-D4p-qbf-modKSSS-K4-C10-V4-D4.1.cf
1,0.011739015579223633,0.010715484619140625,0.01110529899597168,Satisfiable,Satisfiable,Satisfiable,/home/users/u6757090/CEGARBoxCPP/benchmarks/qbfMS/C10-V04-D4p-qbf-modKSSS-K4-C10-V4-D4.2.hf  /home/users/u6757090/CEGARBoxCPP/benchmarks/qbfMS/C10-V04-D4p-qbf-modKSSS-K4-C10-V4-D4.2.cf
2,0.0118408203125,0.010584831237792969,0.011017322540283203,Satisfiable,Satisfiable,Satisfiable,/home/users/u6757090/CEGARBoxCPP/benchmarks/qbfMS/C10-V04-D4p-qbf-modKSSS-K4-C10-V4-D4.3.hf  /home/users/u6757090/CEGARBoxCPP/benchmarks/qbfMS/C10-V04-D4p-qbf-modKSSS-K4-C10-V4-D4.3.cf
3,0.01354670524597168,0.010476112365722656,0.011269330978393555,Satisfiable,Satisfiable,Satisfiable,/home/users/u6757090/CEGARBoxCPP/benchmarks/qbfMS/C10-V04-D4p-qbf-modKSSS-K4-C10-V4-D4.4.hf  /home/users/u6757090/CEGARBoxCPP/benchmarks/qbfMS/C10-V04-D4p-qbf-modKSSS-K4-C10-V4-D4.4.cf
4,0.00969696044921875,0.011041879653930664,0.010959625244140625,Satisfiable,Satisfiable,Satisfiable,/home/users/u6757090/CEGARBoxCPP/benchmarks/qbfMS/C10-V04-D4p-qbf-modKSSS-K4-C10-V4-D4.5.hf  /home/users/u6757090/CEGARBoxCPP/benchmarks/qbfMS/C10-V04-D4p-qbf-modKSSS-K4-C10-V4-D4.5.cf
5,0.012910127639770508,0.011368513107299805,0.011227130889892578,Satisfiable,Satisfiable,Satisfiable,/home/users/u6757090/CEGARBoxCPP/benchmarks/qbfMS/C10-V04-D4p-qbf-modKSSS-K4-C10-V4-D4.6.hf  /home/users/u6757090/CEGARBoxCPP/benchmarks/qbfMS/C10-V04-D4p-qbf-modKSSS-K4-C10-V4-D4.6.cf
6,0.012638568878173828,0.010561466217041016,0.01137995719909668,Satisfiable,Satisfiable,Satisfiable,/home/users/u6757090/CEGARBoxCPP/benchmarks/qbfMS/C10-V04-D4p-qbf-modKSSS-K4-C10-V4-D4.7.hf  /home/users/u6757090/CEGARBoxCPP/benchmarks/qbfMS/C10-V04-D4p-qbf-modKSSS-K4-C10-V4-D4.7.cf
7,0.013215780258178711,0.011736631393432617,0.012285232543945312,Satisfiable,Satisfiable,Satisfiable,/home/users/u6757090/CEGARBoxCPP/benchmarks/qbfMS/C10-V04-D4p-qbf-modKSSS-K4-C10-V4-D4.8.hf  /home/users/u6757090/CEGARBoxCPP/benchmarks/qbfMS/C10-V04-D4p-qbf-modKSSS-K4-C10-V4-D4.8.cf
8,0.015833139419555664,0.013410091400146484,0.01669025421142578,Satisfiable,Satisfiable,Satisfiable,/home/users/u6757090/CEGARBoxCPP/benchmarks/qbfMS/C10-V04-D6p-qbf-modKSSS-K4-C10-V4-D6.1.hf  /home/users/u6757090/CEGARBoxCPP/benchmarks/qbfMS/C10-V04-D6p-qbf-modKSSS-K4-C10-V4-D6.1.cf
9,0.01317286491394043,0.01244664192199707,0.01287388801574707,Satisfiable,Satisfiable,Satisfiable,/home/users/u6757090/CEGARBoxCPP/benchmarks/qbfMS/C10-V04-D6p-qbf-modKSSS-K4-C10-V4-D6.2.hf  /home/users/u6757090/CEGARBoxCPP/benchmarks/qbfMS/C10-V04-D6p-qbf-modKSSS-K4-C10-V4-D6.2.cf
10,0.014870882034301758,0.012714147567749023,0.014396429061889648,Satisfiable,Satisfiable,Satisfiable,/home/users/u6757090/CEGARBoxCPP/benchmarks/qbfMS/C10-V04-D6p-qbf-modKSSS-K4-C10-V4-D6.3.hf  /home/users/u6757090/CEGARBoxCPP/benchmarks/qbfMS/C10-V04-D6p-qbf-modKSSS-K4-C10-V4-D6.3.cf
11,0.014163017272949219,0.012978553771972656,0.013491153717041016,Satisfiable,Satisfiable,Satisfiable,/home/users/u6757090/CEGARBoxCPP/benchmarks/qbfMS/C10-V04-D6p-qbf-modKSSS-K4-C10-V4-D6.4.hf  /home/users/u6757090/CEGARBoxCPP/benchmarks/qbfMS/C10-V04-D6p-qbf-modKSSS-K4-C10-V4-D6.4.cf
12,0.015465259552001953,0.011738300323486328,0.013087272644042969,Satisfiable,Satisfiable,Satisfiable,/home/users/u6757090/CEGARBoxCPP/benchmarks/qbfMS/C10-V04-D6p-qbf-modKSSS-K4-C10-V4-D6.5.hf  /home/users/u6757090/CEGARBoxCPP/benchmarks/qbfMS/C10-V04-D6p-qbf-modKSSS-K4-C10-V4-D6.5.cf
13,0.01860952377319336,0.012635231018066406,0.017323732376098633,Satisfiable,Satisfiable,Satisfiable,/home/users/u6757090/CEGARBoxCPP/benchmarks/qbfMS/C10-V04-D6p-qbf-modKSSS-K4-C10-V4-D6.6.hf  /home/users/u6757090/CEGARBoxCPP/benchmarks/qbfMS/C10-V04-D6p-qbf-modKSSS-K4-C10-V4-D6.6.cf
14,0.013657331466674805,0.0120391845703125,0.015538930892944336,Satisfiable,Satisfiable,Satisfiable,/home/users/u6757090/CEGARBoxCPP/benchmarks/qbfMS/C10-V04-D6p-qbf-modKSSS-K4-C10-V4-D6.7.hf  /home/users/u6757090/CEGARBoxCPP/benchmarks/qbfMS/C10-V04-D6p-qbf-modKSSS-K4-C10-V4-D6.7.cf
15,0.013442754745483398,0.011569738388061523,0.012830257415771484,Satisfiable,Satisfiable,Satisfiable,/home/users/u6757090/CEGARBoxCPP/benchmarks/qbfMS/C10-V04-D6p-qbf-modKSSS-K4-C10-V4-D6.8.hf  /home/users/u6757090/CEGARBoxCPP/benchmarks/qbfMS/C10-V04-D6p-qbf-modKSSS-K4-C10-V4-D6.8.cf
16,0.019657135009765625,0.015019655227661133,0.019510746002197266,Satisfiable,Satisfiable,Satisfiable,/home/users/u6757090/CEGARBoxCPP/benchmarks/qbfMS/C10-V08-D4p-qbf-modKSSS-K4-C10-V8-D4.1.hf  /home/users/u6757090/CEGARBoxCPP/benchmarks/qbfMS/C10-V08-D4p-qbf-modKSSS-K4-C10-V8-D4.1.cf
17,0.02611851692199707,0.015578746795654297,0.0194854736328125,Satisfiable,Satisfiable,Satisfiable,/home/users/u6757090/CEGARBoxCPP/benchmarks/qbfMS/C10-V08-D4p-qbf-modKSSS-K4-C10-V8-D4.2.hf  /home/users/u6757090/CEGARBoxCPP/benchmarks/qbfMS/C10-V08-D4p-qbf-modKSSS-K4-C10-V8-D4.2.cf
18,0.015264272689819336,0.01481938362121582,0.01461172103881836,Satisfiable,Satisfiable,Satisfiable,/home/users/u6757090/CEGARBoxCPP/benchmarks/qbfMS/C10-V08-D4p-qbf-modKSSS-K4-C10-V8-D4.3.hf  /home/users/u6757090/CEGARBoxCPP/benchmarks/qbfMS/C10-V08-D4p-qbf-modKSSS-K4-C10-V8-D4.3.cf
19,0.021448135375976562,0.014192819595336914,0.017447948455810547,Satisfiable,Satisfiable,Satisfiable,/home/users/u6757090/CEGARBoxCPP/benchmarks/qbfMS/C10-V08-D4p-qbf-modKSSS-K4-C10-V8-D4.4.hf  /home/users/u6757090/CEGARBoxCPP/benchmarks/qbfMS/C10-V08-D4p-qbf-modKSSS-K4-C10-V8-D4.4.cf
20,0.019908666610717773,0.013868570327758789,0.015440940856933594,Satisfiable,Satisfiable,Satisfiable,/home/users/u6757090/CEGARBoxCPP/benchmarks/qbfMS/C10-V08-D4p-qbf-modKSSS-K4-C10-V8-D4.5.hf  /home/users/u6757090/CEGARBoxCPP/benchmarks/qbfMS/C10-V08-D4p-qbf-modKSSS-K4-C10-V8-D4.5.cf
21,0.021773338317871094,0.015298128128051758,0.019634246826171875,Satisfiable,Satisfiable,Satisfiable,/home/users/u6757090/CEGARBoxCPP/benchmarks/qbfMS/C10-V08-D4p-qbf-modKSSS-K4-C10-V8-D4.6.hf  /home/users/u6757090/CEGARBoxCPP/benchmarks/qbfMS/C10-V08-D4p-qbf-modKSSS-K4-C10-V8-D4.6.cf
22,0.017461776733398438,0.013720989227294922,0.017203330993652344,Satisfiable,Satisfiable,Satisfiable,/home/users/u6757090/CEGARBoxCPP/benchmarks/qbfMS/C10-V08-D4p-qbf-modKSSS-K4-C10-V8-D4.7.hf  /home/users/u6757090/CEGARBoxCPP/benchmarks/qbfMS/C10-V08-D4p-qbf-modKSSS-K4-C10-V8-D4.7.cf
23,0.02289295196533203,0.01573801040649414,0.025103330612182617,Satisfiable,Satisfiable,Satisfiable,/home/users/u6757090/CEGARBoxCPP/benchmarks/qbfMS/C10-V08-D4p-qbf-modKSSS-K4-C10-V8-D4.8.hf  /home/users/u6757090/CEGARBoxCPP/benchmarks/qbfMS/C10-V08-D4p-qbf-modKSSS-K4-C10-V8-D4.8.cf
24,0.023529767990112305,0.016109943389892578,0.020372867584228516,Satisfiable,Satisfiable,Satisfiable,/home/users/u6757090/CEGARBoxCPP/benchmarks/qbfMS/C10-V08-D6p-qbf-modKSSS-K4-C10-V8-D6.1.hf  /home/users/u6757090/CEGARBoxCPP/benchmarks/qbfMS/C10-V08-D6p-qbf-modKSSS-K4-C10-V8-D6.1.cf
25,0.02702951431274414,0.017311573028564453,0.023471593856811523,Satisfiable,Satisfiable,Satisfiable,/home/users/u6757090/CEGARBoxCPP/benchmarks/qbfMS/C10-V08-D6p-qbf-modKSSS-K4-C10-V8-D6.2.hf  /home/users/u6757090/CEGARBoxCPP/benchmarks/qbfMS/C10-V08-D6p-qbf-modKSSS-K4-C10-V8-D6.2.cf
26,0.024729490280151367,0.0175321102142334,0.03635597229003906,Satisfiable,Satisfiable,Satisfiable,/home/users/u6757090/CEGARBoxCPP/benchmarks/qbfMS/C10-V08-D6p-qbf-modKSSS-K4-C10-V8-D6.3.hf  /home/users/u6757090/CEGARBoxCPP/benchmarks/qbfMS/C10-V08-D6p-qbf-modKSSS-K4-C10-V8-D6.3.cf
27,0.028863191604614258,0.01714468002319336,0.02975773811340332,Satisfiable,Satisfiable,Satisfiable,/home/users/u6757090/CEGARBoxCPP/benchmarks/qbfMS/C10-V08-D6p-qbf-modKSSS-K4-C10-V8-D6.4.hf  /home/users/u6757090/CEGARBoxCPP/benchmarks/qbfMS/C10-V08-D6p-qbf-modKSSS-K4-C10-V8-D6.4.cf
28,0.02532172203063965,0.018988847732543945,0.023148059844970703,Satisfiable,Satisfiable,Satisfiable,/home/users/u6757090/CEGARBoxCPP/benchmarks/qbfMS/C10-V08-D6p-qbf-modKSSS-K4-C10-V8-D6.5.hf  /home/users/u6757090/CEGARBoxCPP/benchmarks/qbfMS/C10-V08-D6p-qbf-modKSSS-K4-C10-V8-D6.5.cf
29,0.025754451751708984,0.015178203582763672,0.01899242401123047,Satisfiable,Satisfiable,Satisfiable,/home/users/u6757090/CEGARBoxCPP/benchmarks/qbfMS/C10-V08-D6p-qbf-modKSSS-K4-C10-V8-D6.6.hf  /home/users/u6757090/CEGARBoxCPP/benchmarks/qbfMS/C10-V08-D6p-qbf-modKSSS-K4-C10-V8-D6.6.cf
30,0.03130054473876953,0.01685190200805664,0.019776582717895508,Satisfiable,Satisfiable,Satisfiable,/home/users/u6757090/CEGARBoxCPP/benchmarks/qbfMS/C10-V08-D6p-qbf-modKSSS-K4-C10-V8-D6.7.hf  /home/users/u6757090/CEGARBoxCPP/benchmarks/qbfMS/C10-V08-D6p-qbf-modKSSS-K4-C10-V8-D6.7.cf
31,0.028796672821044922,0.023136377334594727,0.019759416580200195,Satisfiable,Satisfiable,Satisfiable,/home/users/u6757090/CEGARBoxCPP/benchmarks/qbfMS/C10-V08-D6p-qbf-modKSSS-K4-C10-V8-D6.8.hf  /home/users/u6757090/CEGARBoxCPP/benchmarks/qbfMS/C10-V08-D6p-qbf-modKSSS-K4-C10-V8-D6.8.cf
32,0.0394589900970459,0.023094654083251953,0.025336503982543945,Satisfiable,Satisfiable,Satisfiable,/home/users/u6757090/CEGARBoxCPP/benchmarks/qbfMS/C10-V16-D4p-qbf-modKSSS-K4-C10-V16-D4.1.hf  /home/users/u6757090/CEGARBoxCPP/benchmarks/qbfMS/C10-V16-D4p-qbf-modKSSS-K4-C10-V16-D4.1.cf
33,0.03503155708312988,0.022138595581054688,0.02947235107421875,Satisfiable,Satisfiable,Satisfiable,/home/users/u6757090/CEGARBoxCPP/benchmarks/qbfMS/C10-V16-D4p-qbf-modKSSS-K4-C10-V16-D4.2.hf  /home/users/u6757090/CEGARBoxCPP/benchmarks/qbfMS/C10-V16-D4p-qbf-modKSSS-K4-C10-V16-D4.2.cf
34,0.032648563385009766,0.02101421356201172,0.028091907501220703,Satisfiable,Satisfiable,Satisfiable,/home/users/u6757090/CEGARBoxCPP/benchmarks/qbfMS/C10-V16-D4p-qbf-modKSSS-K4-C10-V16-D4.3.hf  /home/users/u6757090/CEGARBoxCPP/benchmarks/qbfMS/C10-V16-D4p-qbf-modKSSS-K4-C10-V16-D4.3.cf
35,0.03852510452270508,0.02083730697631836,0.03784775733947754,Satisfiable,Satisfiable,Satisfiable,/home/users/u6757090/CEGARBoxCPP/benchmarks/qbfMS/C10-V16-D4p-qbf-modKSSS-K4-C10-V16-D4.4.hf  /home/users/u6757090/CEGARBoxCPP/benchmarks/qbfMS/C10-V16-D4p-qbf-modKSSS-K4-C10-V16-D4.4.cf
36,0.033351898193359375,0.0202484130859375,0.0254666805267334,Satisfiable,Satisfiable,Satisfiable,/home/users/u6757090/CEGARBoxCPP/benchmarks/qbfMS/C10-V16-D4p-qbf-modKSSS-K4-C10-V16-D4.5.hf  /home/users/u6757090/CEGARBoxCPP/benchmarks/qbfMS/C10-V16-D4p-qbf-modKSSS-K4-C10-V16-D4.5.cf
37,0.04161429405212402,0.02359628677368164,0.04824662208557129,Satisfiable,Satisfiable,Satisfiable,/home/users/u6757090/CEGARBoxCPP/benchmarks/qbfMS/C10-V16-D4p-qbf-modKSSS-K4-C10-V16-D4.6.hf  /home/users/u6757090/CEGARBoxCPP/benchmarks/qbfMS/C10-V16-D4p-qbf-modKSSS-K4-C10-V16-D4.6.cf
38,0.0376741886138916,0.022533893585205078,0.023897171020507812,Satisfiable,Satisfiable,Satisfiable,/home/users/u6757090/CEGARBoxCPP/benchmarks/qbfMS/C10-V16-D4p-qbf-modKSSS-K4-C10-V16-D4.7.hf  /home/users/u6757090/CEGARBoxCPP/benchmarks/qbfMS/C10-V16-D4p-qbf-modKSSS-K4-C10-V16-D4.7.cf
39,0.03561258316040039,0.021174907684326172,0.026854515075683594,Satisfiable,Satisfiable,Satisfiable,/home/users/u6757090/CEGARBoxCPP/benchmarks/qbfMS/C10-V16-D4p-qbf-modKSSS-K4-C10-V16-D4.8.hf  /home/users/u6757090/CEGARBoxCPP/benchmarks/qbfMS/C10-V16-D4p-qbf-modKSSS-K4-C10-V16-D4.8.cf
40,0.06602334976196289,0.025485992431640625,0.030701160430908203,Satisfiable,Satisfiable,Satisfiable,/home/users/u6757090/CEGARBoxCPP/benchmarks/qbfMS/C10-V16-D6p-qbf-modKSSS-K4-C10-V16-D6.1.hf  /home/users/u6757090/CEGARBoxCPP/benchmarks/qbfMS/C10-V16-D6p-qbf-modKSSS-K4-C10-V16-D6.1.cf
41,0.05674457550048828,0.029853105545043945,0.04268956184387207,Satisfiable,Satisfiable,Satisfiable,/home/users/u6757090/CEGARBoxCPP/benchmarks/qbfMS/C10-V16-D6p-qbf-modKSSS-K4-C10-V16-D6.2.hf  /home/users/u6757090/CEGARBoxCPP/benchmarks/qbfMS/C10-V16-D6p-qbf-modKSSS-K4-C10-V16-D6.2.cf
42,0.06554508209228516,0.027750253677368164,0.06175518035888672,Satisfiable,Satisfiable,Satisfiable,/home/users/u6757090/CEGARBoxCPP/benchmarks/qbfMS/C10-V16-D6p-qbf-modKSSS-K4-C10-V16-D6.3.hf  /home/users/u6757090/CEGARBoxCPP/benchmarks/qbfMS/C10-V16-D6p-qbf-modKSSS-K4-C10-V16-D6.3.cf
43,0.059892892837524414,0.025790929794311523,0.030417919158935547,Satisfiable,Satisfiable,Satisfiable,/home/users/u6757090/CEGARBoxCPP/benchmarks/qbfMS/C10-V16-D6p-qbf-modKSSS-K4-C10-V16-D6.4.hf  /home/users/u6757090/CEGARBoxCPP/benchmarks/qbfMS/C10-V16-D6p-qbf-modKSSS-K4-C10-V16-D6.4.cf
44,0.06373333930969238,0.02450251579284668,0.03985023498535156,Satisfiable,Satisfiable,Satisfiable,/home/users/u6757090/CEGARBoxCPP/benchmarks/qbfMS/C10-V16-D6p-qbf-modKSSS-K4-C10-V16-D6.5.hf  /home/users/u6757090/CEGARBoxCPP/benchmarks/qbfMS/C10-V16-D6p-qbf-modKSSS-K4-C10-V16-D6.5.cf
45,0.056183576583862305,0.025571107864379883,0.028809785842895508,Satisfiable,Satisfiable,Satisfiable,/home/users/u6757090/CEGARBoxCPP/benchmarks/qbfMS/C10-V16-D6p-qbf-modKSSS-K4-C10-V16-D6.6.hf  /home/users/u6757090/CEGARBoxCPP/benchmarks/qbfMS/C10-V16-D6p-qbf-modKSSS-K4-C10-V16-D6.6.cf
46,0.0697336196899414,0.028551816940307617,0.06837296485900879,Satisfiable,Satisfiable,Satisfiable,/home/users/u6757090/CEGARBoxCPP/benchmarks/qbfMS/C10-V16-D6p-qbf-modKSSS-K4-C10-V16-D6.7.hf  /home/users/u6757090/CEGARBoxCPP/benchmarks/qbfMS/C10-V16-D6p-qbf-modKSSS-K4-C10-V16-D6.7.cf
47,0.06804609298706055,0.029192447662353516,0.04059600830078125,Satisfiable,Satisfiable,Satisfiable,/home/users/u6757090/CEGARBoxCPP/benchmarks/qbfMS/C10-V16-D6p-qbf-modKSSS-K4-C10-V16-D6.8.hf  /home/users/u6757090/CEGARBoxCPP/benchmarks/qbfMS/C10-V16-D6p-qbf-modKSSS-K4-C10-V16-D6.8.cf
48,0.021770954132080078,0.0172579288482666,0.019140005111694336,Satisfiable,Satisfiable,Satisfiable,/home/users/u6757090/CEGARBoxCPP/benchmarks/qbfMS/C20-V04-D4p-qbf-modKSSS-K4-C20-V4-D4.1.hf  /home/users/u6757090/CEGARBoxCPP/benchmarks/qbfMS/C20-V04-D4p-qbf-modKSSS-K4-C20-V4-D4.1.cf
49,0.030862092971801758,0.014477252960205078,0.02146124839782715,Satisfiable,Satisfiable,Satisfiable,/home/users/u6757090/CEGARBoxCPP/benchmarks/qbfMS/C20-V04-D4p-qbf-modKSSS-K4-C20-V4-D4.2.hf  /home/users/u6757090/CEGARBoxCPP/benchmarks/qbfMS/C20-V04-D4p-qbf-modKSSS-K4-C20-V4-D4.2.cf
50,0.020679235458374023,0.014841318130493164,0.018289566040039062,Satisfiable,Satisfiable,Satisfiable,/home/users/u6757090/CEGARBoxCPP/benchmarks/qbfMS/C20-V04-D4p-qbf-modKSSS-K4-C20-V4-D4.3.hf  /home/users/u6757090/CEGARBoxCPP/benchmarks/qbfMS/C20-V04-D4p-qbf-modKSSS-K4-C20-V4-D4.3.cf
51,0.02426600456237793,0.015489578247070312,0.022612810134887695,Satisfiable,Satisfiable,Satisfiable,/home/users/u6757090/CEGARBoxCPP/benchmarks/qbfMS/C20-V04-D4p-qbf-modKSSS-K4-C20-V4-D4.4.hf  /home/users/u6757090/CEGARBoxCPP/benchmarks/qbfMS/C20-V04-D4p-qbf-modKSSS-K4-C20-V4-D4.4.cf
52,0.024514436721801758,0.019672393798828125,0.0194549560546875,Satisfiable,Satisfiable,Satisfiable,/home/users/u6757090/CEGARBoxCPP/benchmarks/qbfMS/C20-V04-D4p-qbf-modKSSS-K4-C20-V4-D4.5.hf  /home/users/u6757090/CEGARBoxCPP/benchmarks/qbfMS/C20-V04-D4p-qbf-modKSSS-K4-C20-V4-D4.5.cf
53,0.0311124324798584,0.01766824722290039,0.02049422264099121,Satisfiable,Satisfiable,Satisfiable,/home/users/u6757090/CEGARBoxCPP/benchmarks/qbfMS/C20-V04-D4p-qbf-modKSSS-K4-C20-V4-D4.6.hf  /home/users/u6757090/CEGARBoxCPP/benchmarks/qbfMS/C20-V04-D4p-qbf-modKSSS-K4-C20-V4-D4.6.cf
54,0.01787567138671875,0.019771099090576172,0.017960548400878906,Unsatisfiable,Unsatisfiable,Unsatisfiable,/home/users/u6757090/CEGARBoxCPP/benchmarks/qbfMS/C20-V04-D4p-qbf-modKSSS-K4-C20-V4-D4.7.hf  /home/users/u6757090/CEGARBoxCPP/benchmarks/qbfMS/C20-V04-D4p-qbf-modKSSS-K4-C20-V4-D4.7.cf
55,0.03330588340759277,0.01590728759765625,0.022534608840942383,Satisfiable,Satisfiable,Satisfiable,/home/users/u6757090/CEGARBoxCPP/benchmarks/qbfMS/C20-V04-D4p-qbf-modKSSS-K4-C20-V4-D4.8.hf  /home/users/u6757090/CEGARBoxCPP/benchmarks/qbfMS/C20-V04-D4p-qbf-modKSSS-K4-C20-V4-D4.8.cf
56,0.028045177459716797,0.018884658813476562,0.023227930068969727,Satisfiable,Satisfiable,Satisfiable,/home/users/u6757090/CEGARBoxCPP/benchmarks/qbfMS/C20-V04-D6p-qbf-modKSSS-K4-C20-V4-D6.1.hf  /home/users/u6757090/CEGARBoxCPP/benchmarks/qbfMS/C20-V04-D6p-qbf-modKSSS-K4-C20-V4-D6.1.cf
57,0.02344679832458496,0.017154455184936523,0.027188539505004883,Satisfiable,Satisfiable,Satisfiable,/home/users/u6757090/CEGARBoxCPP/benchmarks/qbfMS/C20-V04-D6p-qbf-modKSSS-K4-C20-V4-D6.2.hf  /home/users/u6757090/CEGARBoxCPP/benchmarks/qbfMS/C20-V04-D6p-qbf-modKSSS-K4-C20-V4-D6.2.cf
58,0.03254365921020508,0.019362926483154297,0.03837990760803223,Satisfiable,Satisfiable,Satisfiable,/home/users/u6757090/CEGARBoxCPP/benchmarks/qbfMS/C20-V04-D6p-qbf-modKSSS-K4-C20-V4-D6.3.hf  /home/users/u6757090/CEGARBoxCPP/benchmarks/qbfMS/C20-V04-D6p-qbf-modKSSS-K4-C20-V4-D6.3.cf
59,0.032395362854003906,0.020149707794189453,0.02370429039001465,Satisfiable,Satisfiable,Satisfiable,/home/users/u6757090/CEGARBoxCPP/benchmarks/qbfMS/C20-V04-D6p-qbf-modKSSS-K4-C20-V4-D6.4.hf  /home/users/u6757090/CEGARBoxCPP/benchmarks/qbfMS/C20-V04-D6p-qbf-modKSSS-K4-C20-V4-D6.4.cf
60,0.03127408027648926,0.022434473037719727,0.03793787956237793,Satisfiable,Satisfiable,Satisfiable,/home/users/u6757090/CEGARBoxCPP/benchmarks/qbfMS/C20-V04-D6p-qbf-modKSSS-K4-C20-V4-D6.5.hf  /home/users/u6757090/CEGARBoxCPP/benchmarks/qbfMS/C20-V04-D6p-qbf-modKSSS-K4-C20-V4-D6.5.cf
61,0.022159337997436523,0.02051687240600586,0.05920100212097168,Satisfiable,Satisfiable,Satisfiable,/home/users/u6757090/CEGARBoxCPP/benchmarks/qbfMS/C20-V04-D6p-qbf-modKSSS-K4-C20-V4-D6.6.hf  /home/users/u6757090/CEGARBoxCPP/benchmarks/qbfMS/C20-V04-D6p-qbf-modKSSS-K4-C20-V4-D6.6.cf
62,0.029494047164916992,0.019724607467651367,0.02908635139465332,Satisfiable,Satisfiable,Satisfiable,/home/users/u6757090/CEGARBoxCPP/benchmarks/qbfMS/C20-V04-D6p-qbf-modKSSS-K4-C20-V4-D6.7.hf  /home/users/u6757090/CEGARBoxCPP/benchmarks/qbfMS/C20-V04-D6p-qbf-modKSSS-K4-C20-V4-D6.7.cf
63,0.026600122451782227,0.023313522338867188,0.031153202056884766,Satisfiable,Satisfiable,Satisfiable,/home/users/u6757090/CEGARBoxCPP/benchmarks/qbfMS/C20-V04-D6p-qbf-modKSSS-K4-C20-V4-D6.8.hf  /home/users/u6757090/CEGARBoxCPP/benchmarks/qbfMS/C20-V04-D6p-qbf-modKSSS-K4-C20-V4-D6.8.cf
64,0.03356361389160156,0.025552749633789062,0.04807686805725098,Satisfiable,Satisfiable,Satisfiable,/home/users/u6757090/CEGARBoxCPP/benchmarks/qbfMS/C20-V08-D4p-qbf-modKSSS-K4-C20-V8-D4.1.hf  /home/users/u6757090/CEGARBoxCPP/benchmarks/qbfMS/C20-V08-D4p-qbf-modKSSS-K4-C20-V8-D4.1.cf
65,0.04095458984375,0.025444507598876953,0.13882064819335938,Satisfiable,Satisfiable,Satisfiable,/home/users/u6757090/CEGARBoxCPP/benchmarks/qbfMS/C20-V08-D4p-qbf-modKSSS-K4-C20-V8-D4.2.hf  /home/users/u6757090/CEGARBoxCPP/benchmarks/qbfMS/C20-V08-D4p-qbf-modKSSS-K4-C20-V8-D4.2.cf
66,0.036815643310546875,0.0218503475189209,0.040450334548950195,Satisfiable,Satisfiable,Satisfiable,/home/users/u6757090/CEGARBoxCPP/benchmarks/qbfMS/C20-V08-D4p-qbf-modKSSS-K4-C20-V8-D4.3.hf  /home/users/u6757090/CEGARBoxCPP/benchmarks/qbfMS/C20-V08-D4p-qbf-modKSSS-K4-C20-V8-D4.3.cf
67,0.03641653060913086,0.019586801528930664,0.03756856918334961,Satisfiable,Satisfiable,Satisfiable,/home/users/u6757090/CEGARBoxCPP/benchmarks/qbfMS/C20-V08-D4p-qbf-modKSSS-K4-C20-V8-D4.4.hf  /home/users/u6757090/CEGARBoxCPP/benchmarks/qbfMS/C20-V08-D4p-qbf-modKSSS-K4-C20-V8-D4.4.cf
68,0.033615827560424805,0.02253103256225586,0.07382011413574219,Satisfiable,Satisfiable,Satisfiable,/home/users/u6757090/CEGARBoxCPP/benchmarks/qbfMS/C20-V08-D4p-qbf-modKSSS-K4-C20-V8-D4.5.hf  /home/users/u6757090/CEGARBoxCPP/benchmarks/qbfMS/C20-V08-D4p-qbf-modKSSS-K4-C20-V8-D4.5.cf
69,0.034311532974243164,0.02433919906616211,0.03905200958251953,Satisfiable,Satisfiable,Satisfiable,/home/users/u6757090/CEGARBoxCPP/benchmarks/qbfMS/C20-V08-D4p-qbf-modKSSS-K4-C20-V8-D4.6.hf  /home/users/u6757090/CEGARBoxCPP/benchmarks/qbfMS/C20-V08-D4p-qbf-modKSSS-K4-C20-V8-D4.6.cf
70,0.03883624076843262,0.028384685516357422,0.07220864295959473,Satisfiable,Satisfiable,Satisfiable,/home/users/u6757090/CEGARBoxCPP/benchmarks/qbfMS/C20-V08-D4p-qbf-modKSSS-K4-C20-V8-D4.7.hf  /home/users/u6757090/CEGARBoxCPP/benchmarks/qbfMS/C20-V08-D4p-qbf-modKSSS-K4-C20-V8-D4.7.cf
71,0.032090187072753906,0.0259397029876709,0.03530311584472656,Satisfiable,Satisfiable,Satisfiable,/home/users/u6757090/CEGARBoxCPP/benchmarks/qbfMS/C20-V08-D4p-qbf-modKSSS-K4-C20-V8-D4.8.hf  /home/users/u6757090/CEGARBoxCPP/benchmarks/qbfMS/C20-V08-D4p-qbf-modKSSS-K4-C20-V8-D4.8.cf
72,0.049878835678100586,0.031015396118164062,0.30167531967163086,Satisfiable,Satisfiable,Satisfiable,/home/users/u6757090/CEGARBoxCPP/benchmarks/qbfMS/C20-V08-D6p-qbf-modKSSS-K4-C20-V8-D6.1.hf  /home/users/u6757090/CEGARBoxCPP/benchmarks/qbfMS/C20-V08-D6p-qbf-modKSSS-K4-C20-V8-D6.1.cf
73,0.07231688499450684,0.037580013275146484,0.23137784004211426,Satisfiable,Satisfiable,Satisfiable,/home/users/u6757090/CEGARBoxCPP/benchmarks/qbfMS/C20-V08-D6p-qbf-modKSSS-K4-C20-V8-D6.2.hf  /home/users/u6757090/CEGARBoxCPP/benchmarks/qbfMS/C20-V08-D6p-qbf-modKSSS-K4-C20-V8-D6.2.cf
74,0.05274200439453125,0.02515554428100586,0.06886792182922363,Satisfiable,Satisfiable,Satisfiable,/home/users/u6757090/CEGARBoxCPP/benchmarks/qbfMS/C20-V08-D6p-qbf-modKSSS-K4-C20-V8-D6.3.hf  /home/users/u6757090/CEGARBoxCPP/benchmarks/qbfMS/C20-V08-D6p-qbf-modKSSS-K4-C20-V8-D6.3.cf
75,0.05264091491699219,0.025527000427246094,0.0967855453491211,Satisfiable,Satisfiable,Satisfiable,/home/users/u6757090/CEGARBoxCPP/benchmarks/qbfMS/C20-V08-D6p-qbf-modKSSS-K4-C20-V8-D6.4.hf  /home/users/u6757090/CEGARBoxCPP/benchmarks/qbfMS/C20-V08-D6p-qbf-modKSSS-K4-C20-V8-D6.4.cf
76,0.04744696617126465,0.0248258113861084,0.11860823631286621,Satisfiable,Satisfiable,Satisfiable,/home/users/u6757090/CEGARBoxCPP/benchmarks/qbfMS/C20-V08-D6p-qbf-modKSSS-K4-C20-V8-D6.5.hf  /home/users/u6757090/CEGARBoxCPP/benchmarks/qbfMS/C20-V08-D6p-qbf-modKSSS-K4-C20-V8-D6.5.cf
77,0.0599212646484375,0.026036977767944336,0.10462188720703125,Satisfiable,Satisfiable,Satisfiable,/home/users/u6757090/CEGARBoxCPP/benchmarks/qbfMS/C20-V08-D6p-qbf-modKSSS-K4-C20-V8-D6.6.hf  /home/users/u6757090/CEGARBoxCPP/benchmarks/qbfMS/C20-V08-D6p-qbf-modKSSS-K4-C20-V8-D6.6.cf
78,0.06041550636291504,0.029098987579345703,0.04466056823730469,Satisfiable,Satisfiable,Satisfiable,/home/users/u6757090/CEGARBoxCPP/benchmarks/qbfMS/C20-V08-D6p-qbf-modKSSS-K4-C20-V8-D6.7.hf  /home/users/u6757090/CEGARBoxCPP/benchmarks/qbfMS/C20-V08-D6p-qbf-modKSSS-K4-C20-V8-D6.7.cf
79,0.061994314193725586,0.0298614501953125,0.05997109413146973,Satisfiable,Satisfiable,Satisfiable,/home/users/u6757090/CEGARBoxCPP/benchmarks/qbfMS/C20-V08-D6p-qbf-modKSSS-K4-C20-V8-D6.8.hf  /home/users/u6757090/CEGARBoxCPP/benchmarks/qbfMS/C20-V08-D6p-qbf-modKSSS-K4-C20-V8-D6.8.cf
80,0.07296919822692871,0.03591322898864746,0.1755664348602295,Satisfiable,Satisfiable,Satisfiable,/home/users/u6757090/CEGARBoxCPP/benchmarks/qbfMS/C20-V16-D4p-qbf-modKSSS-K4-C20-V16-D4.1.hf  /home/users/u6757090/CEGARBoxCPP/benchmarks/qbfMS/C20-V16-D4p-qbf-modKSSS-K4-C20-V16-D4.1.cf
81,0.07233810424804688,0.033441781997680664,0.08056378364562988,Satisfiable,Satisfiable,Satisfiable,/home/users/u6757090/CEGARBoxCPP/benchmarks/qbfMS/C20-V16-D4p-qbf-modKSSS-K4-C20-V16-D4.2.hf  /home/users/u6757090/CEGARBoxCPP/benchmarks/qbfMS/C20-V16-D4p-qbf-modKSSS-K4-C20-V16-D4.2.cf
82,0.07965373992919922,0.038451194763183594,0.1976613998413086,Satisfiable,Satisfiable,Satisfiable,/home/users/u6757090/CEGARBoxCPP/benchmarks/qbfMS/C20-V16-D4p-qbf-modKSSS-K4-C20-V16-D4.3.hf  /home/users/u6757090/CEGARBoxCPP/benchmarks/qbfMS/C20-V16-D4p-qbf-modKSSS-K4-C20-V16-D4.3.cf
83,0.05604720115661621,0.034534454345703125,0.2160780429840088,Satisfiable,Satisfiable,Satisfiable,/home/users/u6757090/CEGARBoxCPP/benchmarks/qbfMS/C20-V16-D4p-qbf-modKSSS-K4-C20-V16-D4.4.hf  /home/users/u6757090/CEGARBoxCPP/benchmarks/qbfMS/C20-V16-D4p-qbf-modKSSS-K4-C20-V16-D4.4.cf
84,0.05845379829406738,0.0346829891204834,0.09495878219604492,Satisfiable,Satisfiable,Satisfiable,/home/users/u6757090/CEGARBoxCPP/benchmarks/qbfMS/C20-V16-D4p-qbf-modKSSS-K4-C20-V16-D4.5.hf  /home/users/u6757090/CEGARBoxCPP/benchmarks/qbfMS/C20-V16-D4p-qbf-modKSSS-K4-C20-V16-D4.5.cf
85,0.06429171562194824,0.03416132926940918,0.9885962009429932,Satisfiable,Satisfiable,Satisfiable,/home/users/u6757090/CEGARBoxCPP/benchmarks/qbfMS/C20-V16-D4p-qbf-modKSSS-K4-C20-V16-D4.6.hf  /home/users/u6757090/CEGARBoxCPP/benchmarks/qbfMS/C20-V16-D4p-qbf-modKSSS-K4-C20-V16-D4.6.cf
86,0.06493806838989258,0.036240577697753906,0.15510249137878418,Satisfiable,Satisfiable,Satisfiable,/home/users/u6757090/CEGARBoxCPP/benchmarks/qbfMS/C20-V16-D4p-qbf-modKSSS-K4-C20-V16-D4.7.hf  /home/users/u6757090/CEGARBoxCPP/benchmarks/qbfMS/C20-V16-D4p-qbf-modKSSS-K4-C20-V16-D4.7.cf
87,0.07661795616149902,0.03462839126586914,0.08739757537841797,Satisfiable,Satisfiable,Satisfiable,/home/users/u6757090/CEGARBoxCPP/benchmarks/qbfMS/C20-V16-D4p-qbf-modKSSS-K4-C20-V16-D4.8.hf  /home/users/u6757090/CEGARBoxCPP/benchmarks/qbfMS/C20-V16-D4p-qbf-modKSSS-K4-C20-V16-D4.8.cf
88,0.1227567195892334,0.05018281936645508,5.590024471282959,Satisfiable,Satisfiable,Satisfiable,/home/users/u6757090/CEGARBoxCPP/benchmarks/qbfMS/C20-V16-D6p-qbf-modKSSS-K4-C20-V16-D6.1.hf  /home/users/u6757090/CEGARBoxCPP/benchmarks/qbfMS/C20-V16-D6p-qbf-modKSSS-K4-C20-V16-D6.1.cf
89,0.11078429222106934,0.05485343933105469,0.7921833992004395,Satisfiable,Satisfiable,Satisfiable,/home/users/u6757090/CEGARBoxCPP/benchmarks/qbfMS/C20-V16-D6p-qbf-modKSSS-K4-C20-V16-D6.2.hf  /home/users/u6757090/CEGARBoxCPP/benchmarks/qbfMS/C20-V16-D6p-qbf-modKSSS-K4-C20-V16-D6.2.cf
90,0.12084650993347168,0.05376029014587402,3.8543927669525146,Satisfiable,Satisfiable,Satisfiable,/home/users/u6757090/CEGARBoxCPP/benchmarks/qbfMS/C20-V16-D6p-qbf-modKSSS-K4-C20-V16-D6.3.hf  /home/users/u6757090/CEGARBoxCPP/benchmarks/qbfMS/C20-V16-D6p-qbf-modKSSS-K4-C20-V16-D6.3.cf
91,0.11185550689697266,0.046468257904052734,0.645714282989502,Satisfiable,Satisfiable,Satisfiable,/home/users/u6757090/CEGARBoxCPP/benchmarks/qbfMS/C20-V16-D6p-qbf-modKSSS-K4-C20-V16-D6.4.hf  /home/users/u6757090/CEGARBoxCPP/benchmarks/qbfMS/C20-V16-D6p-qbf-modKSSS-K4-C20-V16-D6.4.cf
92,0.1132357120513916,0.05084729194641113,0.3848762512207031,Satisfiable,Satisfiable,Satisfiable,/home/users/u6757090/CEGARBoxCPP/benchmarks/qbfMS/C20-V16-D6p-qbf-modKSSS-K4-C20-V16-D6.5.hf  /home/users/u6757090/CEGARBoxCPP/benchmarks/qbfMS/C20-V16-D6p-qbf-modKSSS-K4-C20-V16-D6.5.cf
93,0.11024260520935059,0.0453639030456543,0.20303034782409668,Satisfiable,Satisfiable,Satisfiable,/home/users/u6757090/CEGARBoxCPP/benchmarks/qbfMS/C20-V16-D6p-qbf-modKSSS-K4-C20-V16-D6.6.hf  /home/users/u6757090/CEGARBoxCPP/benchmarks/qbfMS/C20-V16-D6p-qbf-modKSSS-K4-C20-V16-D6.6.cf
94,0.11706709861755371,0.043731689453125,0.2747788429260254,Satisfiable,Satisfiable,Satisfiable,/home/users/u6757090/CEGARBoxCPP/benchmarks/qbfMS/C20-V16-D6p-qbf-modKSSS-K4-C20-V16-D6.7.hf  /home/users/u6757090/CEGARBoxCPP/benchmarks/qbfMS/C20-V16-D6p-qbf-modKSSS-K4-C20-V16-D6.7.cf
95,0.1062467098236084,0.04653596878051758,0.07205939292907715,Satisfiable,Satisfiable,Satisfiable,/home/users/u6757090/CEGARBoxCPP/benchmarks/qbfMS/C20-V16-D6p-qbf-modKSSS-K4-C20-V16-D6.8.hf  /home/users/u6757090/CEGARBoxCPP/benchmarks/qbfMS/C20-V16-D6p-qbf-modKSSS-K4-C20-V16-D6.8.cf
96,0.03622627258300781,0.0310821533203125,0.02791881561279297,Unsatisfiable,Unsatisfiable,Unsatisfiable,/home/users/u6757090/CEGARBoxCPP/benchmarks/qbfMS/C30-V04-D4p-qbf-modKSSS-K4-C30-V4-D4.1.hf  /home/users/u6757090/CEGARBoxCPP/benchmarks/qbfMS/C30-V04-D4p-qbf-modKSSS-K4-C30-V4-D4.1.cf
97,0.01998758316040039,0.020142555236816406,0.02389693260192871,Satisfiable,Satisfiable,Satisfiable,/home/users/u6757090/CEGARBoxCPP/benchmarks/qbfMS/C30-V04-D4p-qbf-modKSSS-K4-C30-V4-D4.2.hf  /home/users/u6757090/CEGARBoxCPP/benchmarks/qbfMS/C30-V04-D4p-qbf-modKSSS-K4-C30-V4-D4.2.cf
98,0.03020644187927246,0.022962570190429688,0.027149200439453125,Unsatisfiable,Unsatisfiable,Unsatisfiable,/home/users/u6757090/CEGARBoxCPP/benchmarks/qbfMS/C30-V04-D4p-qbf-modKSSS-K4-C30-V4-D4.3.hf  /home/users/u6757090/CEGARBoxCPP/benchmarks/qbfMS/C30-V04-D4p-qbf-modKSSS-K4-C30-V4-D4.3.cf
99,0.02522587776184082,0.02609109878540039,0.02418804168701172,Unsatisfiable,Unsatisfiable,Unsatisfiable,/home/users/u6757090/CEGARBoxCPP/benchmarks/qbfMS/C30-V04-D4p-qbf-modKSSS-K4-C30-V4-D4.4.hf  /home/users/u6757090/CEGARBoxCPP/benchmarks/qbfMS/C30-V04-D4p-qbf-modKSSS-K4-C30-V4-D4.4.cf
100,0.03480792045593262,0.021300077438354492,0.020418405532836914,Unsatisfiable,Unsatisfiable,Unsatisfiable,/home/users/u6757090/CEGARBoxCPP/benchmarks/qbfMS/C30-V04-D4p-qbf-modKSSS-K4-C30-V4-D4.5.hf  /home/users/u6757090/CEGARBoxCPP/benchmarks/qbfMS/C30-V04-D4p-qbf-modKSSS-K4-C30-V4-D4.5.cf
101,0.027774810791015625,0.02302837371826172,0.020051240921020508,Unsatisfiable,Unsatisfiable,Unsatisfiable,/home/users/u6757090/CEGARBoxCPP/benchmarks/qbfMS/C30-V04-D4p-qbf-modKSSS-K4-C30-V4-D4.6.hf  /home/users/u6757090/CEGARBoxCPP/benchmarks/qbfMS/C30-V04-D4p-qbf-modKSSS-K4-C30-V4-D4.6.cf
102,0.03772735595703125,0.025111675262451172,0.029268503189086914,Satisfiable,Satisfiable,Satisfiable,/home/users/u6757090/CEGARBoxCPP/benchmarks/qbfMS/C30-V04-D4p-qbf-modKSSS-K4-C30-V4-D4.7.hf  /home/users/u6757090/CEGARBoxCPP/benchmarks/qbfMS/C30-V04-D4p-qbf-modKSSS-K4-C30-V4-D4.7.cf
103,0.032928466796875,0.024405956268310547,0.025148391723632812,Satisfiable,Satisfiable,Satisfiable,/home/users/u6757090/CEGARBoxCPP/benchmarks/qbfMS/C30-V04-D4p-qbf-modKSSS-K4-C30-V4-D4.8.hf  /home/users/u6757090/CEGARBoxCPP/benchmarks/qbfMS/C30-V04-D4p-qbf-modKSSS-K4-C30-V4-D4.8.cf
104,0.04472684860229492,0.04028797149658203,0.043940067291259766,Unsatisfiable,Unsatisfiable,Unsatisfiable,/home/users/u6757090/CEGARBoxCPP/benchmarks/qbfMS/C30-V04-D6p-qbf-modKSSS-K4-C30-V4-D6.1.hf  /home/users/u6757090/CEGARBoxCPP/benchmarks/qbfMS/C30-V04-D6p-qbf-modKSSS-K4-C30-V4-D6.1.cf
105,0.029831647872924805,0.023931264877319336,0.025870323181152344,Unsatisfiable,Unsatisfiable,Unsatisfiable,/home/users/u6757090/CEGARBoxCPP/benchmarks/qbfMS/C30-V04-D6p-qbf-modKSSS-K4-C30-V4-D6.2.hf  /home/users/u6757090/CEGARBoxCPP/benchmarks/qbfMS/C30-V04-D6p-qbf-modKSSS-K4-C30-V4-D6.2.cf
106,0.029215097427368164,0.036923885345458984,0.06673145294189453,Satisfiable,Satisfiable,Satisfiable,/home/users/u6757090/CEGARBoxCPP/benchmarks/qbfMS/C30-V04-D6p-qbf-modKSSS-K4-C30-V4-D6.3.hf  /home/users/u6757090/CEGARBoxCPP/benchmarks/qbfMS/C30-V04-D6p-qbf-modKSSS-K4-C30-V4-D6.3.cf
107,0.04608750343322754,0.029489994049072266,0.04273104667663574,Unsatisfiable,Unsatisfiable,Unsatisfiable,/home/users/u6757090/CEGARBoxCPP/benchmarks/qbfMS/C30-V04-D6p-qbf-modKSSS-K4-C30-V4-D6.4.hf  /home/users/u6757090/CEGARBoxCPP/benchmarks/qbfMS/C30-V04-D6p-qbf-modKSSS-K4-C30-V4-D6.4.cf
108,0.05624842643737793,0.032331228256225586,0.10827398300170898,Satisfiable,Satisfiable,Satisfiable,/home/users/u6757090/CEGARBoxCPP/benchmarks/qbfMS/C30-V04-D6p-qbf-modKSSS-K4-C30-V4-D6.5.hf  /home/users/u6757090/CEGARBoxCPP/benchmarks/qbfMS/C30-V04-D6p-qbf-modKSSS-K4-C30-V4-D6.5.cf
109,0.040791988372802734,0.028447389602661133,0.05698823928833008,Satisfiable,Satisfiable,Satisfiable,/home/users/u6757090/CEGARBoxCPP/benchmarks/qbfMS/C30-V04-D6p-qbf-modKSSS-K4-C30-V4-D6.6.hf  /home/users/u6757090/CEGARBoxCPP/benchmarks/qbfMS/C30-V04-D6p-qbf-modKSSS-K4-C30-V4-D6.6.cf
110,0.06659746170043945,0.03981924057006836,0.05817294120788574,Unsatisfiable,Unsatisfiable,Unsatisfiable,/home/users/u6757090/CEGARBoxCPP/benchmarks/qbfMS/C30-V04-D6p-qbf-modKSSS-K4-C30-V4-D6.7.hf  /home/users/u6757090/CEGARBoxCPP/benchmarks/qbfMS/C30-V04-D6p-qbf-modKSSS-K4-C30-V4-D6.7.cf
111,0.06616353988647461,0.04559016227722168,0.05615687370300293,Unsatisfiable,Unsatisfiable,Unsatisfiable,/home/users/u6757090/CEGARBoxCPP/benchmarks/qbfMS/C30-V04-D6p-qbf-modKSSS-K4-C30-V4-D6.8.hf  /home/users/u6757090/CEGARBoxCPP/benchmarks/qbfMS/C30-V04-D6p-qbf-modKSSS-K4-C30-V4-D6.8.cf
112,0.06459927558898926,0.03712654113769531,0.6452085971832275,Satisfiable,Satisfiable,Satisfiable,/home/users/u6757090/CEGARBoxCPP/benchmarks/qbfMS/C30-V08-D4p-qbf-modKSSS-K4-C30-V8-D4.1.hf  /home/users/u6757090/CEGARBoxCPP/benchmarks/qbfMS/C30-V08-D4p-qbf-modKSSS-K4-C30-V8-D4.1.cf
113,0.06776833534240723,0.03672313690185547,0.15192246437072754,Satisfiable,Satisfiable,Satisfiable,/home/users/u6757090/CEGARBoxCPP/benchmarks/qbfMS/C30-V08-D4p-qbf-modKSSS-K4-C30-V8-D4.2.hf  /home/users/u6757090/CEGARBoxCPP/benchmarks/qbfMS/C30-V08-D4p-qbf-modKSSS-K4-C30-V8-D4.2.cf
114,0.05723261833190918,0.03435230255126953,0.373715877532959,Satisfiable,Satisfiable,Satisfiable,/home/users/u6757090/CEGARBoxCPP/benchmarks/qbfMS/C30-V08-D4p-qbf-modKSSS-K4-C30-V8-D4.3.hf  /home/users/u6757090/CEGARBoxCPP/benchmarks/qbfMS/C30-V08-D4p-qbf-modKSSS-K4-C30-V8-D4.3.cf
115,0.0520172119140625,0.04032564163208008,0.21611762046813965,Satisfiable,Satisfiable,Satisfiable,/home/users/u6757090/CEGARBoxCPP/benchmarks/qbfMS/C30-V08-D4p-qbf-modKSSS-K4-C30-V8-D4.4.hf  /home/users/u6757090/CEGARBoxCPP/benchmarks/qbfMS/C30-V08-D4p-qbf-modKSSS-K4-C30-V8-D4.4.cf
116,0.0731956958770752,0.047937631607055664,0.09775948524475098,Satisfiable,Satisfiable,Satisfiable,/home/users/u6757090/CEGARBoxCPP/benchmarks/qbfMS/C30-V08-D4p-qbf-modKSSS-K4-C30-V8-D4.5.hf  /home/users/u6757090/CEGARBoxCPP/benchmarks/qbfMS/C30-V08-D4p-qbf-modKSSS-K4-C30-V8-D4.5.cf
117,0.06042599678039551,0.02920675277709961,0.20365071296691895,Satisfiable,Satisfiable,Satisfiable,/home/users/u6757090/CEGARBoxCPP/benchmarks/qbfMS/C30-V08-D4p-qbf-modKSSS-K4-C30-V8-D4.6.hf  /home/users/u6757090/CEGARBoxCPP/benchmarks/qbfMS/C30-V08-D4p-qbf-modKSSS-K4-C30-V8-D4.6.cf
118,0.0751957893371582,0.05707955360412598,0.3150465488433838,Satisfiable,Satisfiable,Satisfiable,/home/users/u6757090/CEGARBoxCPP/benchmarks/qbfMS/C30-V08-D4p-qbf-modKSSS-K4-C30-V8-D4.7.hf  /home/users/u6757090/CEGARBoxCPP/benchmarks/qbfMS/C30-V08-D4p-qbf-modKSSS-K4-C30-V8-D4.7.cf
119,0.06609058380126953,0.03291487693786621,0.3499302864074707,Satisfiable,Satisfiable,Satisfiable,/home/users/u6757090/CEGARBoxCPP/benchmarks/qbfMS/C30-V08-D4p-qbf-modKSSS-K4-C30-V8-D4.8.hf  /home/users/u6757090/CEGARBoxCPP/benchmarks/qbfMS/C30-V08-D4p-qbf-modKSSS-K4-C30-V8-D4.8.cf
120,0.08326101303100586,0.04139423370361328,0.29947662353515625,Satisfiable,Satisfiable,Satisfiable,/home/users/u6757090/CEGARBoxCPP/benchmarks/qbfMS/C30-V08-D6p-qbf-modKSSS-K4-C30-V8-D6.1.hf  /home/users/u6757090/CEGARBoxCPP/benchmarks/qbfMS/C30-V08-D6p-qbf-modKSSS-K4-C30-V8-D6.1.cf
121,0.10082435607910156,0.042943477630615234,2.357924461364746,Satisfiable,Satisfiable,Satisfiable,/home/users/u6757090/CEGARBoxCPP/benchmarks/qbfMS/C30-V08-D6p-qbf-modKSSS-K4-C30-V8-D6.2.hf  /home/users/u6757090/CEGARBoxCPP/benchmarks/qbfMS/C30-V08-D6p-qbf-modKSSS-K4-C30-V8-D6.2.cf
122,0.09426426887512207,0.04100751876831055,0.26760411262512207,Satisfiable,Satisfiable,Satisfiable,/home/users/u6757090/CEGARBoxCPP/benchmarks/qbfMS/C30-V08-D6p-qbf-modKSSS-K4-C30-V8-D6.3.hf  /home/users/u6757090/CEGARBoxCPP/benchmarks/qbfMS/C30-V08-D6p-qbf-modKSSS-K4-C30-V8-D6.3.cf
123,0.13112401962280273,0.0593409538269043,2.777531862258911,Satisfiable,Satisfiable,Satisfiable,/home/users/u6757090/CEGARBoxCPP/benchmarks/qbfMS/C30-V08-D6p-qbf-modKSSS-K4-C30-V8-D6.4.hf  /home/users/u6757090/CEGARBoxCPP/benchmarks/qbfMS/C30-V08-D6p-qbf-modKSSS-K4-C30-V8-D6.4.cf
124,0.11343574523925781,0.04152965545654297,0.6644365787506104,Satisfiable,Satisfiable,Satisfiable,/home/users/u6757090/CEGARBoxCPP/benchmarks/qbfMS/C30-V08-D6p-qbf-modKSSS-K4-C30-V8-D6.5.hf  /home/users/u6757090/CEGARBoxCPP/benchmarks/qbfMS/C30-V08-D6p-qbf-modKSSS-K4-C30-V8-D6.5.cf
125,0.07978558540344238,0.04018735885620117,1.2629613876342773,Satisfiable,Satisfiable,Satisfiable,/home/users/u6757090/CEGARBoxCPP/benchmarks/qbfMS/C30-V08-D6p-qbf-modKSSS-K4-C30-V8-D6.6.hf  /home/users/u6757090/CEGARBoxCPP/benchmarks/qbfMS/C30-V08-D6p-qbf-modKSSS-K4-C30-V8-D6.6.cf
126,0.13372468948364258,0.03760671615600586,0.26311182975769043,Satisfiable,Satisfiable,Satisfiable,/home/users/u6757090/CEGARBoxCPP/benchmarks/qbfMS/C30-V08-D6p-qbf-modKSSS-K4-C30-V8-D6.7.hf  /home/users/u6757090/CEGARBoxCPP/benchmarks/qbfMS/C30-V08-D6p-qbf-modKSSS-K4-C30-V8-D6.7.cf
127,0.11877942085266113,0.05412578582763672,5.6208038330078125,Satisfiable,Satisfiable,Satisfiable,/home/users/u6757090/CEGARBoxCPP/benchmarks/qbfMS/C30-V08-D6p-qbf-modKSSS-K4-C30-V8-D6.8.hf  /home/users/u6757090/CEGARBoxCPP/benchmarks/qbfMS/C30-V08-D6p-qbf-modKSSS-K4-C30-V8-D6.8.cf
128,0.11500096321105957,0.054372549057006836,1.5979156494140625,Satisfiable,Satisfiable,Satisfiable,/home/users/u6757090/CEGARBoxCPP/benchmarks/qbfMS/C30-V16-D4p-qbf-modKSSS-K4-C30-V16-D4.1.hf  /home/users/u6757090/CEGARBoxCPP/benchmarks/qbfMS/C30-V16-D4p-qbf-modKSSS-K4-C30-V16-D4.1.cf
129,0.11157822608947754,0.04868364334106445,0.4886040687561035,Satisfiable,Satisfiable,Satisfiable,/home/users/u6757090/CEGARBoxCPP/benchmarks/qbfMS/C30-V16-D4p-qbf-modKSSS-K4-C30-V16-D4.2.hf  /home/users/u6757090/CEGARBoxCPP/benchmarks/qbfMS/C30-V16-D4p-qbf-modKSSS-K4-C30-V16-D4.2.cf
130,0.14167046546936035,0.07718086242675781,8.605886459350586,Satisfiable,Satisfiable,Satisfiable,/home/users/u6757090/CEGARBoxCPP/benchmarks/qbfMS/C30-V16-D4p-qbf-modKSSS-K4-C30-V16-D4.3.hf  /home/users/u6757090/CEGARBoxCPP/benchmarks/qbfMS/C30-V16-D4p-qbf-modKSSS-K4-C30-V16-D4.3.cf
131,0.1042490005493164,0.0610651969909668,2.027331590652466,Satisfiable,Satisfiable,Satisfiable,/home/users/u6757090/CEGARBoxCPP/benchmarks/qbfMS/C30-V16-D4p-qbf-modKSSS-K4-C30-V16-D4.4.hf  /home/users/u6757090/CEGARBoxCPP/benchmarks/qbfMS/C30-V16-D4p-qbf-modKSSS-K4-C30-V16-D4.4.cf
132,0.12656688690185547,0.055640220642089844,28.276183605194092,Satisfiable,Satisfiable,Satisfiable,/home/users/u6757090/CEGARBoxCPP/benchmarks/qbfMS/C30-V16-D4p-qbf-modKSSS-K4-C30-V16-D4.5.hf  /home/users/u6757090/CEGARBoxCPP/benchmarks/qbfMS/C30-V16-D4p-qbf-modKSSS-K4-C30-V16-D4.5.cf
133,0.12019586563110352,0.051995038986206055,0.7630670070648193,Satisfiable,Satisfiable,Satisfiable,/home/users/u6757090/CEGARBoxCPP/benchmarks/qbfMS/C30-V16-D4p-qbf-modKSSS-K4-C30-V16-D4.6.hf  /home/users/u6757090/CEGARBoxCPP/benchmarks/qbfMS/C30-V16-D4p-qbf-modKSSS-K4-C30-V16-D4.6.cf
134,0.14390325546264648,0.06568765640258789,7.617740154266357,Satisfiable,Satisfiable,Satisfiable,/home/users/u6757090/CEGARBoxCPP/benchmarks/qbfMS/C30-V16-D4p-qbf-modKSSS-K4-C30-V16-D4.7.hf  /home/users/u6757090/CEGARBoxCPP/benchmarks/qbfMS/C30-V16-D4p-qbf-modKSSS-K4-C30-V16-D4.7.cf
135,0.0932779312133789,0.047936439514160156,0.3309481143951416,Satisfiable,Satisfiable,Satisfiable,/home/users/u6757090/CEGARBoxCPP/benchmarks/qbfMS/C30-V16-D4p-qbf-modKSSS-K4-C30-V16-D4.8.hf  /home/users/u6757090/CEGARBoxCPP/benchmarks/qbfMS/C30-V16-D4p-qbf-modKSSS-K4-C30-V16-D4.8.cf
136,0.20108699798583984,0.1020505428314209,3.184882640838623,Satisfiable,Satisfiable,Satisfiable,/home/users/u6757090/CEGARBoxCPP/benchmarks/qbfMS/C30-V16-D6p-qbf-modKSSS-K4-C30-V16-D6.1.hf  /home/users/u6757090/CEGARBoxCPP/benchmarks/qbfMS/C30-V16-D6p-qbf-modKSSS-K4-C30-V16-D6.1.cf
137,0.20969915390014648,0.07693219184875488,40.07190227508545,Satisfiable,Satisfiable,timeout,/home/users/u6757090/CEGARBoxCPP/benchmarks/qbfMS/C30-V16-D6p-qbf-modKSSS-K4-C30-V16-D6.2.hf  /home/users/u6757090/CEGARBoxCPP/benchmarks/qbfMS/C30-V16-D6p-qbf-modKSSS-K4-C30-V16-D6.2.cf
138,0.17902159690856934,0.07368135452270508,40.07041072845459,Satisfiable,Satisfiable,timeout,/home/users/u6757090/CEGARBoxCPP/benchmarks/qbfMS/C30-V16-D6p-qbf-modKSSS-K4-C30-V16-D6.3.hf  /home/users/u6757090/CEGARBoxCPP/benchmarks/qbfMS/C30-V16-D6p-qbf-modKSSS-K4-C30-V16-D6.3.cf
139,0.19892668724060059,0.07346034049987793,40.074174642562866,Satisfiable,Satisfiable,timeout,/home/users/u6757090/CEGARBoxCPP/benchmarks/qbfMS/C30-V16-D6p-qbf-modKSSS-K4-C30-V16-D6.4.hf  /home/users/u6757090/CEGARBoxCPP/benchmarks/qbfMS/C30-V16-D6p-qbf-modKSSS-K4-C30-V16-D6.4.cf
140,0.17417097091674805,0.07011771202087402,2.4237213134765625,Satisfiable,Satisfiable,Satisfiable,/home/users/u6757090/CEGARBoxCPP/benchmarks/qbfMS/C30-V16-D6p-qbf-modKSSS-K4-C30-V16-D6.5.hf  /home/users/u6757090/CEGARBoxCPP/benchmarks/qbfMS/C30-V16-D6p-qbf-modKSSS-K4-C30-V16-D6.5.cf
141,0.20945525169372559,0.08019804954528809,40.07741904258728,Satisfiable,Satisfiable,timeout,/home/users/u6757090/CEGARBoxCPP/benchmarks/qbfMS/C30-V16-D6p-qbf-modKSSS-K4-C30-V16-D6.6.hf  /home/users/u6757090/CEGARBoxCPP/benchmarks/qbfMS/C30-V16-D6p-qbf-modKSSS-K4-C30-V16-D6.6.cf
142,0.17938637733459473,0.08602309226989746,26.25670075416565,Satisfiable,Satisfiable,Satisfiable,/home/users/u6757090/CEGARBoxCPP/benchmarks/qbfMS/C30-V16-D6p-qbf-modKSSS-K4-C30-V16-D6.7.hf  /home/users/u6757090/CEGARBoxCPP/benchmarks/qbfMS/C30-V16-D6p-qbf-modKSSS-K4-C30-V16-D6.7.cf
143,0.20611977577209473,0.08644270896911621,40.06959652900696,Satisfiable,Satisfiable,timeout,/home/users/u6757090/CEGARBoxCPP/benchmarks/qbfMS/C30-V16-D6p-qbf-modKSSS-K4-C30-V16-D6.8.hf  /home/users/u6757090/CEGARBoxCPP/benchmarks/qbfMS/C30-V16-D6p-qbf-modKSSS-K4-C30-V16-D6.8.cf
144,0.046385765075683594,0.035141944885253906,0.032959938049316406,Unsatisfiable,Unsatisfiable,Unsatisfiable,/home/users/u6757090/CEGARBoxCPP/benchmarks/qbfMS/C40-V04-D4p-qbf-modKSSS-K4-C40-V4-D4.1.hf  /home/users/u6757090/CEGARBoxCPP/benchmarks/qbfMS/C40-V04-D4p-qbf-modKSSS-K4-C40-V4-D4.1.cf
145,0.03028702735900879,0.038689374923706055,0.03215384483337402,Unsatisfiable,Unsatisfiable,Unsatisfiable,/home/users/u6757090/CEGARBoxCPP/benchmarks/qbfMS/C40-V04-D4p-qbf-modKSSS-K4-C40-V4-D4.2.hf  /home/users/u6757090/CEGARBoxCPP/benchmarks/qbfMS/C40-V04-D4p-qbf-modKSSS-K4-C40-V4-D4.2.cf
146,0.0359187126159668,0.037153005599975586,0.026694297790527344,Unsatisfiable,Unsatisfiable,Unsatisfiable,/home/users/u6757090/CEGARBoxCPP/benchmarks/qbfMS/C40-V04-D4p-qbf-modKSSS-K4-C40-V4-D4.3.hf  /home/users/u6757090/CEGARBoxCPP/benchmarks/qbfMS/C40-V04-D4p-qbf-modKSSS-K4-C40-V4-D4.3.cf
147,0.027660131454467773,0.04483199119567871,0.034105777740478516,Unsatisfiable,Unsatisfiable,Unsatisfiable,/home/users/u6757090/CEGARBoxCPP/benchmarks/qbfMS/C40-V04-D4p-qbf-modKSSS-K4-C40-V4-D4.4.hf  /home/users/u6757090/CEGARBoxCPP/benchmarks/qbfMS/C40-V04-D4p-qbf-modKSSS-K4-C40-V4-D4.4.cf
148,0.040589094161987305,0.05311179161071777,0.09141087532043457,Unsatisfiable,Unsatisfiable,Unsatisfiable,/home/users/u6757090/CEGARBoxCPP/benchmarks/qbfMS/C40-V04-D4p-qbf-modKSSS-K4-C40-V4-D4.5.hf  /home/users/u6757090/CEGARBoxCPP/benchmarks/qbfMS/C40-V04-D4p-qbf-modKSSS-K4-C40-V4-D4.5.cf
149,0.0469822883605957,0.06546878814697266,0.03823351860046387,Unsatisfiable,Unsatisfiable,Unsatisfiable,/home/users/u6757090/CEGARBoxCPP/benchmarks/qbfMS/C40-V04-D4p-qbf-modKSSS-K4-C40-V4-D4.6.hf  /home/users/u6757090/CEGARBoxCPP/benchmarks/qbfMS/C40-V04-D4p-qbf-modKSSS-K4-C40-V4-D4.6.cf
150,0.055225372314453125,0.03742718696594238,0.0341801643371582,Unsatisfiable,Unsatisfiable,Unsatisfiable,/home/users/u6757090/CEGARBoxCPP/benchmarks/qbfMS/C40-V04-D4p-qbf-modKSSS-K4-C40-V4-D4.7.hf  /home/users/u6757090/CEGARBoxCPP/benchmarks/qbfMS/C40-V04-D4p-qbf-modKSSS-K4-C40-V4-D4.7.cf
151,0.037286996841430664,0.04384660720825195,0.03207540512084961,Unsatisfiable,Unsatisfiable,Unsatisfiable,/home/users/u6757090/CEGARBoxCPP/benchmarks/qbfMS/C40-V04-D4p-qbf-modKSSS-K4-C40-V4-D4.8.hf  /home/users/u6757090/CEGARBoxCPP/benchmarks/qbfMS/C40-V04-D4p-qbf-modKSSS-K4-C40-V4-D4.8.cf
152,0.05084419250488281,0.050460100173950195,0.09527802467346191,Unsatisfiable,Unsatisfiable,Unsatisfiable,/home/users/u6757090/CEGARBoxCPP/benchmarks/qbfMS/C40-V04-D6p-qbf-modKSSS-K4-C40-V4-D6.1.hf  /home/users/u6757090/CEGARBoxCPP/benchmarks/qbfMS/C40-V04-D6p-qbf-modKSSS-K4-C40-V4-D6.1.cf
153,0.05487680435180664,0.049454450607299805,0.04932713508605957,Unsatisfiable,Unsatisfiable,Unsatisfiable,/home/users/u6757090/CEGARBoxCPP/benchmarks/qbfMS/C40-V04-D6p-qbf-modKSSS-K4-C40-V4-D6.2.hf  /home/users/u6757090/CEGARBoxCPP/benchmarks/qbfMS/C40-V04-D6p-qbf-modKSSS-K4-C40-V4-D6.2.cf
154,0.044075727462768555,0.052768707275390625,0.05434226989746094,Unsatisfiable,Unsatisfiable,Unsatisfiable,/home/users/u6757090/CEGARBoxCPP/benchmarks/qbfMS/C40-V04-D6p-qbf-modKSSS-K4-C40-V4-D6.3.hf  /home/users/u6757090/CEGARBoxCPP/benchmarks/qbfMS/C40-V04-D6p-qbf-modKSSS-K4-C40-V4-D6.3.cf
155,0.10051345825195312,0.06384849548339844,0.09242820739746094,Unsatisfiable,Unsatisfiable,Unsatisfiable,/home/users/u6757090/CEGARBoxCPP/benchmarks/qbfMS/C40-V04-D6p-qbf-modKSSS-K4-C40-V4-D6.4.hf  /home/users/u6757090/CEGARBoxCPP/benchmarks/qbfMS/C40-V04-D6p-qbf-modKSSS-K4-C40-V4-D6.4.cf
156,0.06947946548461914,0.07193493843078613,0.10783743858337402,Unsatisfiable,Unsatisfiable,Unsatisfiable,/home/users/u6757090/CEGARBoxCPP/benchmarks/qbfMS/C40-V04-D6p-qbf-modKSSS-K4-C40-V4-D6.5.hf  /home/users/u6757090/CEGARBoxCPP/benchmarks/qbfMS/C40-V04-D6p-qbf-modKSSS-K4-C40-V4-D6.5.cf
157,0.07900547981262207,0.06564736366271973,0.08622479438781738,Unsatisfiable,Unsatisfiable,Unsatisfiable,/home/users/u6757090/CEGARBoxCPP/benchmarks/qbfMS/C40-V04-D6p-qbf-modKSSS-K4-C40-V4-D6.6.hf  /home/users/u6757090/CEGARBoxCPP/benchmarks/qbfMS/C40-V04-D6p-qbf-modKSSS-K4-C40-V4-D6.6.cf
158,0.10811209678649902,0.07007312774658203,0.08466053009033203,Satisfiable,Satisfiable,Satisfiable,/home/users/u6757090/CEGARBoxCPP/benchmarks/qbfMS/C40-V04-D6p-qbf-modKSSS-K4-C40-V4-D6.7.hf  /home/users/u6757090/CEGARBoxCPP/benchmarks/qbfMS/C40-V04-D6p-qbf-modKSSS-K4-C40-V4-D6.7.cf
159,0.07683944702148438,0.047840118408203125,0.07348251342773438,Unsatisfiable,Unsatisfiable,Unsatisfiable,/home/users/u6757090/CEGARBoxCPP/benchmarks/qbfMS/C40-V04-D6p-qbf-modKSSS-K4-C40-V4-D6.8.hf  /home/users/u6757090/CEGARBoxCPP/benchmarks/qbfMS/C40-V04-D6p-qbf-modKSSS-K4-C40-V4-D6.8.cf
160,0.11318588256835938,0.04066348075866699,0.41916871070861816,Satisfiable,Satisfiable,Satisfiable,/home/users/u6757090/CEGARBoxCPP/benchmarks/qbfMS/C40-V08-D4p-qbf-modKSSS-K4-C40-V8-D4.1.hf  /home/users/u6757090/CEGARBoxCPP/benchmarks/qbfMS/C40-V08-D4p-qbf-modKSSS-K4-C40-V8-D4.1.cf
161,0.1712205410003662,0.14926624298095703,3.795430898666382,Unsatisfiable,Unsatisfiable,Unsatisfiable,/home/users/u6757090/CEGARBoxCPP/benchmarks/qbfMS/C40-V08-D4p-qbf-modKSSS-K4-C40-V8-D4.2.hf  /home/users/u6757090/CEGARBoxCPP/benchmarks/qbfMS/C40-V08-D4p-qbf-modKSSS-K4-C40-V8-D4.2.cf
162,0.09944534301757812,0.05142617225646973,1.323258876800537,Satisfiable,Satisfiable,Satisfiable,/home/users/u6757090/CEGARBoxCPP/benchmarks/qbfMS/C40-V08-D4p-qbf-modKSSS-K4-C40-V8-D4.3.hf  /home/users/u6757090/CEGARBoxCPP/benchmarks/qbfMS/C40-V08-D4p-qbf-modKSSS-K4-C40-V8-D4.3.cf
163,0.15323758125305176,0.10169243812561035,0.22143769264221191,Satisfiable,Satisfiable,Satisfiable,/home/users/u6757090/CEGARBoxCPP/benchmarks/qbfMS/C40-V08-D4p-qbf-modKSSS-K4-C40-V8-D4.4.hf  /home/users/u6757090/CEGARBoxCPP/benchmarks/qbfMS/C40-V08-D4p-qbf-modKSSS-K4-C40-V8-D4.4.cf
164,0.16575217247009277,0.06921267509460449,0.7676587104797363,Satisfiable,Satisfiable,Satisfiable,/home/users/u6757090/CEGARBoxCPP/benchmarks/qbfMS/C40-V08-D4p-qbf-modKSSS-K4-C40-V8-D4.5.hf  /home/users/u6757090/CEGARBoxCPP/benchmarks/qbfMS/C40-V08-D4p-qbf-modKSSS-K4-C40-V8-D4.5.cf
165,0.04117250442504883,0.06944680213928223,0.6519312858581543,Unsatisfiable,Unsatisfiable,Unsatisfiable,/home/users/u6757090/CEGARBoxCPP/benchmarks/qbfMS/C40-V08-D4p-qbf-modKSSS-K4-C40-V8-D4.6.hf  /home/users/u6757090/CEGARBoxCPP/benchmarks/qbfMS/C40-V08-D4p-qbf-modKSSS-K4-C40-V8-D4.6.cf
166,0.12417078018188477,0.06035876274108887,2.7923057079315186,Satisfiable,Satisfiable,Satisfiable,/home/users/u6757090/CEGARBoxCPP/benchmarks/qbfMS/C40-V08-D4p-qbf-modKSSS-K4-C40-V8-D4.7.hf  /home/users/u6757090/CEGARBoxCPP/benchmarks/qbfMS/C40-V08-D4p-qbf-modKSSS-K4-C40-V8-D4.7.cf
167,0.14992547035217285,0.07953834533691406,0.35175108909606934,Unsatisfiable,Unsatisfiable,Unsatisfiable,/home/users/u6757090/CEGARBoxCPP/benchmarks/qbfMS/C40-V08-D4p-qbf-modKSSS-K4-C40-V8-D4.8.hf  /home/users/u6757090/CEGARBoxCPP/benchmarks/qbfMS/C40-V08-D4p-qbf-modKSSS-K4-C40-V8-D4.8.cf
168,0.0902714729309082,0.05301618576049805,26.394278287887573,Satisfiable,Satisfiable,Satisfiable,/home/users/u6757090/CEGARBoxCPP/benchmarks/qbfMS/C40-V08-D6p-qbf-modKSSS-K4-C40-V8-D6.1.hf  /home/users/u6757090/CEGARBoxCPP/benchmarks/qbfMS/C40-V08-D6p-qbf-modKSSS-K4-C40-V8-D6.1.cf
169,0.10472416877746582,0.05029153823852539,8.310799360275269,Satisfiable,Satisfiable,Satisfiable,/home/users/u6757090/CEGARBoxCPP/benchmarks/qbfMS/C40-V08-D6p-qbf-modKSSS-K4-C40-V8-D6.2.hf  /home/users/u6757090/CEGARBoxCPP/benchmarks/qbfMS/C40-V08-D6p-qbf-modKSSS-K4-C40-V8-D6.2.cf
170,0.08621883392333984,0.06119894981384277,6.661218881607056,Satisfiable,Satisfiable,Satisfiable,/home/users/u6757090/CEGARBoxCPP/benchmarks/qbfMS/C40-V08-D6p-qbf-modKSSS-K4-C40-V8-D6.3.hf  /home/users/u6757090/CEGARBoxCPP/benchmarks/qbfMS/C40-V08-D6p-qbf-modKSSS-K4-C40-V8-D6.3.cf
171,0.16241812705993652,0.17641448974609375,9.135464906692505,Satisfiable,Satisfiable,Satisfiable,/home/users/u6757090/CEGARBoxCPP/benchmarks/qbfMS/C40-V08-D6p-qbf-modKSSS-K4-C40-V8-D6.4.hf  /home/users/u6757090/CEGARBoxCPP/benchmarks/qbfMS/C40-V08-D6p-qbf-modKSSS-K4-C40-V8-D6.4.cf
172,0.13902831077575684,0.0616297721862793,1.9022152423858643,Satisfiable,Satisfiable,Satisfiable,/home/users/u6757090/CEGARBoxCPP/benchmarks/qbfMS/C40-V08-D6p-qbf-modKSSS-K4-C40-V8-D6.5.hf  /home/users/u6757090/CEGARBoxCPP/benchmarks/qbfMS/C40-V08-D6p-qbf-modKSSS-K4-C40-V8-D6.5.cf
173,0.10423421859741211,0.05496668815612793,6.09162449836731,Satisfiable,Satisfiable,Satisfiable,/home/users/u6757090/CEGARBoxCPP/benchmarks/qbfMS/C40-V08-D6p-qbf-modKSSS-K4-C40-V8-D6.6.hf  /home/users/u6757090/CEGARBoxCPP/benchmarks/qbfMS/C40-V08-D6p-qbf-modKSSS-K4-C40-V8-D6.6.cf
174,0.12650108337402344,0.0697171688079834,9.199798107147217,Satisfiable,Satisfiable,Satisfiable,/home/users/u6757090/CEGARBoxCPP/benchmarks/qbfMS/C40-V08-D6p-qbf-modKSSS-K4-C40-V8-D6.7.hf  /home/users/u6757090/CEGARBoxCPP/benchmarks/qbfMS/C40-V08-D6p-qbf-modKSSS-K4-C40-V8-D6.7.cf
175,0.12120890617370605,0.04948282241821289,1.6689155101776123,Satisfiable,Satisfiable,Satisfiable,/home/users/u6757090/CEGARBoxCPP/benchmarks/qbfMS/C40-V08-D6p-qbf-modKSSS-K4-C40-V8-D6.8.hf  /home/users/u6757090/CEGARBoxCPP/benchmarks/qbfMS/C40-V08-D6p-qbf-modKSSS-K4-C40-V8-D6.8.cf
176,0.16788554191589355,0.08155345916748047,40.075571060180664,Satisfiable,Satisfiable,timeout,/home/users/u6757090/CEGARBoxCPP/benchmarks/qbfMS/C40-V16-D4p-qbf-modKSSS-K4-C40-V16-D4.1.hf  /home/users/u6757090/CEGARBoxCPP/benchmarks/qbfMS/C40-V16-D4p-qbf-modKSSS-K4-C40-V16-D4.1.cf
177,0.17696714401245117,0.09695863723754883,28.844192028045654,Unsatisfiable,Unsatisfiable,Unsatisfiable,/home/users/u6757090/CEGARBoxCPP/benchmarks/qbfMS/C40-V16-D4p-qbf-modKSSS-K4-C40-V16-D4.2.hf  /home/users/u6757090/CEGARBoxCPP/benchmarks/qbfMS/C40-V16-D4p-qbf-modKSSS-K4-C40-V16-D4.2.cf
178,0.1888134479522705,0.09536147117614746,17.06755542755127,Satisfiable,Satisfiable,Satisfiable,/home/users/u6757090/CEGARBoxCPP/benchmarks/qbfMS/C40-V16-D4p-qbf-modKSSS-K4-C40-V16-D4.3.hf  /home/users/u6757090/CEGARBoxCPP/benchmarks/qbfMS/C40-V16-D4p-qbf-modKSSS-K4-C40-V16-D4.3.cf
179,0.22346806526184082,0.11686563491821289,40.07809519767761,Satisfiable,Satisfiable,timeout,/home/users/u6757090/CEGARBoxCPP/benchmarks/qbfMS/C40-V16-D4p-qbf-modKSSS-K4-C40-V16-D4.4.hf  /home/users/u6757090/CEGARBoxCPP/benchmarks/qbfMS/C40-V16-D4p-qbf-modKSSS-K4-C40-V16-D4.4.cf
180,0.25098228454589844,0.11275863647460938,40.07253646850586,Satisfiable,Satisfiable,timeout,/home/users/u6757090/CEGARBoxCPP/benchmarks/qbfMS/C40-V16-D4p-qbf-modKSSS-K4-C40-V16-D4.5.hf  /home/users/u6757090/CEGARBoxCPP/benchmarks/qbfMS/C40-V16-D4p-qbf-modKSSS-K4-C40-V16-D4.5.cf
181,0.1834568977355957,0.06375432014465332,22.377779483795166,Satisfiable,Satisfiable,Satisfiable,/home/users/u6757090/CEGARBoxCPP/benchmarks/qbfMS/C40-V16-D4p-qbf-modKSSS-K4-C40-V16-D4.6.hf  /home/users/u6757090/CEGARBoxCPP/benchmarks/qbfMS/C40-V16-D4p-qbf-modKSSS-K4-C40-V16-D4.6.cf
182,0.16282105445861816,0.08033609390258789,40.074153661727905,Satisfiable,Satisfiable,timeout,/home/users/u6757090/CEGARBoxCPP/benchmarks/qbfMS/C40-V16-D4p-qbf-modKSSS-K4-C40-V16-D4.7.hf  /home/users/u6757090/CEGARBoxCPP/benchmarks/qbfMS/C40-V16-D4p-qbf-modKSSS-K4-C40-V16-D4.7.cf
183,0.2934601306915283,0.10502362251281738,40.071736574172974,Satisfiable,Satisfiable,timeout,/home/users/u6757090/CEGARBoxCPP/benchmarks/qbfMS/C40-V16-D4p-qbf-modKSSS-K4-C40-V16-D4.8.hf  /home/users/u6757090/CEGARBoxCPP/benchmarks/qbfMS/C40-V16-D4p-qbf-modKSSS-K4-C40-V16-D4.8.cf
184,0.34987664222717285,0.12412643432617188,40.08454918861389,Satisfiable,Satisfiable,timeout,/home/users/u6757090/CEGARBoxCPP/benchmarks/qbfMS/C40-V16-D6p-qbf-modKSSS-K4-C40-V16-D6.1.hf  /home/users/u6757090/CEGARBoxCPP/benchmarks/qbfMS/C40-V16-D6p-qbf-modKSSS-K4-C40-V16-D6.1.cf
185,0.32988500595092773,0.14896583557128906,40.08385467529297,Satisfiable,Satisfiable,timeout,/home/users/u6757090/CEGARBoxCPP/benchmarks/qbfMS/C40-V16-D6p-qbf-modKSSS-K4-C40-V16-D6.2.hf  /home/users/u6757090/CEGARBoxCPP/benchmarks/qbfMS/C40-V16-D6p-qbf-modKSSS-K4-C40-V16-D6.2.cf
186,0.31830811500549316,0.10350489616394043,40.08749437332153,Satisfiable,Satisfiable,timeout,/home/users/u6757090/CEGARBoxCPP/benchmarks/qbfMS/C40-V16-D6p-qbf-modKSSS-K4-C40-V16-D6.3.hf  /home/users/u6757090/CEGARBoxCPP/benchmarks/qbfMS/C40-V16-D6p-qbf-modKSSS-K4-C40-V16-D6.3.cf
187,0.28708386421203613,0.09800839424133301,40.078885316848755,Satisfiable,Satisfiable,timeout,/home/users/u6757090/CEGARBoxCPP/benchmarks/qbfMS/C40-V16-D6p-qbf-modKSSS-K4-C40-V16-D6.4.hf  /home/users/u6757090/CEGARBoxCPP/benchmarks/qbfMS/C40-V16-D6p-qbf-modKSSS-K4-C40-V16-D6.4.cf
188,0.22111010551452637,0.1416926383972168,19.64951467514038,Satisfiable,Satisfiable,Satisfiable,/home/users/u6757090/CEGARBoxCPP/benchmarks/qbfMS/C40-V16-D6p-qbf-modKSSS-K4-C40-V16-D6.5.hf  /home/users/u6757090/CEGARBoxCPP/benchmarks/qbfMS/C40-V16-D6p-qbf-modKSSS-K4-C40-V16-D6.5.cf
189,0.216752290725708,0.09763836860656738,1.3319711685180664,Satisfiable,Satisfiable,Satisfiable,/home/users/u6757090/CEGARBoxCPP/benchmarks/qbfMS/C40-V16-D6p-qbf-modKSSS-K4-C40-V16-D6.6.hf  /home/users/u6757090/CEGARBoxCPP/benchmarks/qbfMS/C40-V16-D6p-qbf-modKSSS-K4-C40-V16-D6.6.cf
190,0.29817962646484375,0.09748411178588867,40.08616638183594,Satisfiable,Satisfiable,timeout,/home/users/u6757090/CEGARBoxCPP/benchmarks/qbfMS/C40-V16-D6p-qbf-modKSSS-K4-C40-V16-D6.7.hf  /home/users/u6757090/CEGARBoxCPP/benchmarks/qbfMS/C40-V16-D6p-qbf-modKSSS-K4-C40-V16-D6.7.cf
191,0.27353477478027344,0.10865259170532227,11.619888305664062,Satisfiable,Satisfiable,Satisfiable,/home/users/u6757090/CEGARBoxCPP/benchmarks/qbfMS/C40-V16-D6p-qbf-modKSSS-K4-C40-V16-D6.8.hf  /home/users/u6757090/CEGARBoxCPP/benchmarks/qbfMS/C40-V16-D6p-qbf-modKSSS-K4-C40-V16-D6.8.cf
192,0.04089522361755371,0.05242419242858887,0.032985687255859375,Unsatisfiable,Unsatisfiable,Unsatisfiable,/home/users/u6757090/CEGARBoxCPP/benchmarks/qbfMS/C50-V04-D4p-qbf-modKSSS-K4-C50-V4-D4.1.hf  /home/users/u6757090/CEGARBoxCPP/benchmarks/qbfMS/C50-V04-D4p-qbf-modKSSS-K4-C50-V4-D4.1.cf
193,0.03765749931335449,0.039721012115478516,0.03103494644165039,Unsatisfiable,Unsatisfiable,Unsatisfiable,/home/users/u6757090/CEGARBoxCPP/benchmarks/qbfMS/C50-V04-D4p-qbf-modKSSS-K4-C50-V4-D4.2.hf  /home/users/u6757090/CEGARBoxCPP/benchmarks/qbfMS/C50-V04-D4p-qbf-modKSSS-K4-C50-V4-D4.2.cf
194,0.04837775230407715,0.07442355155944824,0.04125356674194336,Unsatisfiable,Unsatisfiable,Unsatisfiable,/home/users/u6757090/CEGARBoxCPP/benchmarks/qbfMS/C50-V04-D4p-qbf-modKSSS-K4-C50-V4-D4.3.hf  /home/users/u6757090/CEGARBoxCPP/benchmarks/qbfMS/C50-V04-D4p-qbf-modKSSS-K4-C50-V4-D4.3.cf
195,0.04748368263244629,0.06700825691223145,0.03743314743041992,Unsatisfiable,Unsatisfiable,Unsatisfiable,/home/users/u6757090/CEGARBoxCPP/benchmarks/qbfMS/C50-V04-D4p-qbf-modKSSS-K4-C50-V4-D4.4.hf  /home/users/u6757090/CEGARBoxCPP/benchmarks/qbfMS/C50-V04-D4p-qbf-modKSSS-K4-C50-V4-D4.4.cf
196,0.03126358985900879,0.04087233543395996,0.037580251693725586,Unsatisfiable,Unsatisfiable,Unsatisfiable,/home/users/u6757090/CEGARBoxCPP/benchmarks/qbfMS/C50-V04-D4p-qbf-modKSSS-K4-C50-V4-D4.5.hf  /home/users/u6757090/CEGARBoxCPP/benchmarks/qbfMS/C50-V04-D4p-qbf-modKSSS-K4-C50-V4-D4.5.cf
197,0.04482674598693848,0.043703556060791016,0.034481048583984375,Unsatisfiable,Unsatisfiable,Unsatisfiable,/home/users/u6757090/CEGARBoxCPP/benchmarks/qbfMS/C50-V04-D4p-qbf-modKSSS-K4-C50-V4-D4.6.hf  /home/users/u6757090/CEGARBoxCPP/benchmarks/qbfMS/C50-V04-D4p-qbf-modKSSS-K4-C50-V4-D4.6.cf
198,0.05022573471069336,0.06259584426879883,0.04470181465148926,Unsatisfiable,Unsatisfiable,Unsatisfiable,/home/users/u6757090/CEGARBoxCPP/benchmarks/qbfMS/C50-V04-D4p-qbf-modKSSS-K4-C50-V4-D4.7.hf  /home/users/u6757090/CEGARBoxCPP/benchmarks/qbfMS/C50-V04-D4p-qbf-modKSSS-K4-C50-V4-D4.7.cf
199,0.03960895538330078,0.04637289047241211,0.03789401054382324,Unsatisfiable,Unsatisfiable,Unsatisfiable,/home/users/u6757090/CEGARBoxCPP/benchmarks/qbfMS/C50-V04-D4p-qbf-modKSSS-K4-C50-V4-D4.8.hf  /home/users/u6757090/CEGARBoxCPP/benchmarks/qbfMS/C50-V04-D4p-qbf-modKSSS-K4-C50-V4-D4.8.cf
200,0.13844799995422363,0.05740046501159668,0.059893131256103516,Unsatisfiable,Unsatisfiable,Unsatisfiable,/home/users/u6757090/CEGARBoxCPP/benchmarks/qbfMS/C50-V04-D6p-qbf-modKSSS-K4-C50-V4-D6.1.hf  /home/users/u6757090/CEGARBoxCPP/benchmarks/qbfMS/C50-V04-D6p-qbf-modKSSS-K4-C50-V4-D6.1.cf
201,0.07570028305053711,0.10077047348022461,0.08981108665466309,Unsatisfiable,Unsatisfiable,Unsatisfiable,/home/users/u6757090/CEGARBoxCPP/benchmarks/qbfMS/C50-V04-D6p-qbf-modKSSS-K4-C50-V4-D6.2.hf  /home/users/u6757090/CEGARBoxCPP/benchmarks/qbfMS/C50-V04-D6p-qbf-modKSSS-K4-C50-V4-D6.2.cf
202,0.04579472541809082,0.05417156219482422,0.04400515556335449,Unsatisfiable,Unsatisfiable,Unsatisfiable,/home/users/u6757090/CEGARBoxCPP/benchmarks/qbfMS/C50-V04-D6p-qbf-modKSSS-K4-C50-V4-D6.3.hf  /home/users/u6757090/CEGARBoxCPP/benchmarks/qbfMS/C50-V04-D6p-qbf-modKSSS-K4-C50-V4-D6.3.cf
203,0.1447749137878418,0.11290574073791504,0.10450387001037598,Unsatisfiable,Unsatisfiable,Unsatisfiable,/home/users/u6757090/CEGARBoxCPP/benchmarks/qbfMS/C50-V04-D6p-qbf-modKSSS-K4-C50-V4-D6.4.hf  /home/users/u6757090/CEGARBoxCPP/benchmarks/qbfMS/C50-V04-D6p-qbf-modKSSS-K4-C50-V4-D6.4.cf
204,0.06587052345275879,0.11173057556152344,0.06420469284057617,Unsatisfiable,Unsatisfiable,Unsatisfiable,/home/users/u6757090/CEGARBoxCPP/benchmarks/qbfMS/C50-V04-D6p-qbf-modKSSS-K4-C50-V4-D6.5.hf  /home/users/u6757090/CEGARBoxCPP/benchmarks/qbfMS/C50-V04-D6p-qbf-modKSSS-K4-C50-V4-D6.5.cf
205,0.04040956497192383,0.0642848014831543,0.06282830238342285,Unsatisfiable,Unsatisfiable,Unsatisfiable,/home/users/u6757090/CEGARBoxCPP/benchmarks/qbfMS/C50-V04-D6p-qbf-modKSSS-K4-C50-V4-D6.6.hf  /home/users/u6757090/CEGARBoxCPP/benchmarks/qbfMS/C50-V04-D6p-qbf-modKSSS-K4-C50-V4-D6.6.cf
206,0.07243156433105469,0.05238151550292969,0.04347729682922363,Unsatisfiable,Unsatisfiable,Unsatisfiable,/home/users/u6757090/CEGARBoxCPP/benchmarks/qbfMS/C50-V04-D6p-qbf-modKSSS-K4-C50-V4-D6.7.hf  /home/users/u6757090/CEGARBoxCPP/benchmarks/qbfMS/C50-V04-D6p-qbf-modKSSS-K4-C50-V4-D6.7.cf
207,0.09172320365905762,0.09394168853759766,0.08817291259765625,Unsatisfiable,Unsatisfiable,Unsatisfiable,/home/users/u6757090/CEGARBoxCPP/benchmarks/qbfMS/C50-V04-D6p-qbf-modKSSS-K4-C50-V4-D6.8.hf  /home/users/u6757090/CEGARBoxCPP/benchmarks/qbfMS/C50-V04-D6p-qbf-modKSSS-K4-C50-V4-D6.8.cf
208,0.12121033668518066,0.10251641273498535,2.0209426879882812,Satisfiable,Satisfiable,Satisfiable,/home/users/u6757090/CEGARBoxCPP/benchmarks/qbfMS/C50-V08-D4p-qbf-modKSSS-K4-C50-V8-D4.1.hf  /home/users/u6757090/CEGARBoxCPP/benchmarks/qbfMS/C50-V08-D4p-qbf-modKSSS-K4-C50-V8-D4.1.cf
209,0.16030216217041016,0.0989997386932373,0.2199263572692871,Unsatisfiable,Unsatisfiable,Unsatisfiable,/home/users/u6757090/CEGARBoxCPP/benchmarks/qbfMS/C50-V08-D4p-qbf-modKSSS-K4-C50-V8-D4.2.hf  /home/users/u6757090/CEGARBoxCPP/benchmarks/qbfMS/C50-V08-D4p-qbf-modKSSS-K4-C50-V8-D4.2.cf
210,0.12395596504211426,0.06813549995422363,0.3478214740753174,Unsatisfiable,Unsatisfiable,Unsatisfiable,/home/users/u6757090/CEGARBoxCPP/benchmarks/qbfMS/C50-V08-D4p-qbf-modKSSS-K4-C50-V8-D4.3.hf  /home/users/u6757090/CEGARBoxCPP/benchmarks/qbfMS/C50-V08-D4p-qbf-modKSSS-K4-C50-V8-D4.3.cf
211,0.11228609085083008,0.10118508338928223,0.8693420886993408,Unsatisfiable,Unsatisfiable,Unsatisfiable,/home/users/u6757090/CEGARBoxCPP/benchmarks/qbfMS/C50-V08-D4p-qbf-modKSSS-K4-C50-V8-D4.4.hf  /home/users/u6757090/CEGARBoxCPP/benchmarks/qbfMS/C50-V08-D4p-qbf-modKSSS-K4-C50-V8-D4.4.cf
212,0.19392180442810059,0.09093213081359863,0.6850311756134033,Unsatisfiable,Unsatisfiable,Unsatisfiable,/home/users/u6757090/CEGARBoxCPP/benchmarks/qbfMS/C50-V08-D4p-qbf-modKSSS-K4-C50-V8-D4.5.hf  /home/users/u6757090/CEGARBoxCPP/benchmarks/qbfMS/C50-V08-D4p-qbf-modKSSS-K4-C50-V8-D4.5.cf
213,0.20654892921447754,0.07883548736572266,0.6172206401824951,Unsatisfiable,Unsatisfiable,Unsatisfiable,/home/users/u6757090/CEGARBoxCPP/benchmarks/qbfMS/C50-V08-D4p-qbf-modKSSS-K4-C50-V8-D4.6.hf  /home/users/u6757090/CEGARBoxCPP/benchmarks/qbfMS/C50-V08-D4p-qbf-modKSSS-K4-C50-V8-D4.6.cf
214,0.21303439140319824,0.13007903099060059,1.5538341999053955,Satisfiable,Satisfiable,Satisfiable,/home/users/u6757090/CEGARBoxCPP/benchmarks/qbfMS/C50-V08-D4p-qbf-modKSSS-K4-C50-V8-D4.7.hf  /home/users/u6757090/CEGARBoxCPP/benchmarks/qbfMS/C50-V08-D4p-qbf-modKSSS-K4-C50-V8-D4.7.cf
215,0.14317107200622559,0.06456780433654785,0.34802770614624023,Unsatisfiable,Unsatisfiable,Unsatisfiable,/home/users/u6757090/CEGARBoxCPP/benchmarks/qbfMS/C50-V08-D4p-qbf-modKSSS-K4-C50-V8-D4.8.hf  /home/users/u6757090/CEGARBoxCPP/benchmarks/qbfMS/C50-V08-D4p-qbf-modKSSS-K4-C50-V8-D4.8.cf
216,0.24190950393676758,0.0867154598236084,10.924675941467285,Satisfiable,Satisfiable,Satisfiable,/home/users/u6757090/CEGARBoxCPP/benchmarks/qbfMS/C50-V08-D6p-qbf-modKSSS-K4-C50-V8-D6.1.hf  /home/users/u6757090/CEGARBoxCPP/benchmarks/qbfMS/C50-V08-D6p-qbf-modKSSS-K4-C50-V8-D6.1.cf
217,0.3503732681274414,0.22382211685180664,9.465283870697021,Unsatisfiable,Unsatisfiable,Unsatisfiable,/home/users/u6757090/CEGARBoxCPP/benchmarks/qbfMS/C50-V08-D6p-qbf-modKSSS-K4-C50-V8-D6.2.hf  /home/users/u6757090/CEGARBoxCPP/benchmarks/qbfMS/C50-V08-D6p-qbf-modKSSS-K4-C50-V8-D6.2.cf
218,0.21724200248718262,0.06614398956298828,7.624325752258301,Satisfiable,Satisfiable,Satisfiable,/home/users/u6757090/CEGARBoxCPP/benchmarks/qbfMS/C50-V08-D6p-qbf-modKSSS-K4-C50-V8-D6.3.hf  /home/users/u6757090/CEGARBoxCPP/benchmarks/qbfMS/C50-V08-D6p-qbf-modKSSS-K4-C50-V8-D6.3.cf
219,0.43849968910217285,0.27871060371398926,3.0695393085479736,Unsatisfiable,Unsatisfiable,Unsatisfiable,/home/users/u6757090/CEGARBoxCPP/benchmarks/qbfMS/C50-V08-D6p-qbf-modKSSS-K4-C50-V8-D6.4.hf  /home/users/u6757090/CEGARBoxCPP/benchmarks/qbfMS/C50-V08-D6p-qbf-modKSSS-K4-C50-V8-D6.4.cf
220,0.18982553482055664,0.12335491180419922,1.6392638683319092,Unsatisfiable,Unsatisfiable,Unsatisfiable,/home/users/u6757090/CEGARBoxCPP/benchmarks/qbfMS/C50-V08-D6p-qbf-modKSSS-K4-C50-V8-D6.5.hf  /home/users/u6757090/CEGARBoxCPP/benchmarks/qbfMS/C50-V08-D6p-qbf-modKSSS-K4-C50-V8-D6.5.cf
221,0.20590996742248535,0.07630658149719238,11.434507608413696,Satisfiable,Satisfiable,Satisfiable,/home/users/u6757090/CEGARBoxCPP/benchmarks/qbfMS/C50-V08-D6p-qbf-modKSSS-K4-C50-V8-D6.6.hf  /home/users/u6757090/CEGARBoxCPP/benchmarks/qbfMS/C50-V08-D6p-qbf-modKSSS-K4-C50-V8-D6.6.cf
222,0.28731489181518555,0.10752725601196289,1.6384267807006836,Unsatisfiable,Unsatisfiable,Unsatisfiable,/home/users/u6757090/CEGARBoxCPP/benchmarks/qbfMS/C50-V08-D6p-qbf-modKSSS-K4-C50-V8-D6.7.hf  /home/users/u6757090/CEGARBoxCPP/benchmarks/qbfMS/C50-V08-D6p-qbf-modKSSS-K4-C50-V8-D6.7.cf
223,0.2577831745147705,0.1553807258605957,7.140758991241455,Unsatisfiable,Unsatisfiable,Unsatisfiable,/home/users/u6757090/CEGARBoxCPP/benchmarks/qbfMS/C50-V08-D6p-qbf-modKSSS-K4-C50-V8-D6.8.hf  /home/users/u6757090/CEGARBoxCPP/benchmarks/qbfMS/C50-V08-D6p-qbf-modKSSS-K4-C50-V8-D6.8.cf
224,0.22581052780151367,0.1188199520111084,40.07370662689209,Satisfiable,Satisfiable,timeout,/home/users/u6757090/CEGARBoxCPP/benchmarks/qbfMS/C50-V16-D4p-qbf-modKSSS-K4-C50-V16-D4.1.hf  /home/users/u6757090/CEGARBoxCPP/benchmarks/qbfMS/C50-V16-D4p-qbf-modKSSS-K4-C50-V16-D4.1.cf
225,0.31584811210632324,0.2766532897949219,40.07201433181763,Satisfiable,Satisfiable,timeout,/home/users/u6757090/CEGARBoxCPP/benchmarks/qbfMS/C50-V16-D4p-qbf-modKSSS-K4-C50-V16-D4.2.hf  /home/users/u6757090/CEGARBoxCPP/benchmarks/qbfMS/C50-V16-D4p-qbf-modKSSS-K4-C50-V16-D4.2.cf
226,0.2478187084197998,0.09387350082397461,40.07497262954712,Satisfiable,Satisfiable,timeout,/home/users/u6757090/CEGARBoxCPP/benchmarks/qbfMS/C50-V16-D4p-qbf-modKSSS-K4-C50-V16-D4.3.hf  /home/users/u6757090/CEGARBoxCPP/benchmarks/qbfMS/C50-V16-D4p-qbf-modKSSS-K4-C50-V16-D4.3.cf
227,0.26024532318115234,0.13058829307556152,40.07380819320679,Satisfiable,Satisfiable,timeout,/home/users/u6757090/CEGARBoxCPP/benchmarks/qbfMS/C50-V16-D4p-qbf-modKSSS-K4-C50-V16-D4.4.hf  /home/users/u6757090/CEGARBoxCPP/benchmarks/qbfMS/C50-V16-D4p-qbf-modKSSS-K4-C50-V16-D4.4.cf
228,0.30815577507019043,0.14214682579040527,40.08362340927124,Satisfiable,Satisfiable,timeout,/home/users/u6757090/CEGARBoxCPP/benchmarks/qbfMS/C50-V16-D4p-qbf-modKSSS-K4-C50-V16-D4.5.hf  /home/users/u6757090/CEGARBoxCPP/benchmarks/qbfMS/C50-V16-D4p-qbf-modKSSS-K4-C50-V16-D4.5.cf
229,0.31002378463745117,0.12433052062988281,12.53897500038147,Unsatisfiable,Unsatisfiable,Unsatisfiable,/home/users/u6757090/CEGARBoxCPP/benchmarks/qbfMS/C50-V16-D4p-qbf-modKSSS-K4-C50-V16-D4.6.hf  /home/users/u6757090/CEGARBoxCPP/benchmarks/qbfMS/C50-V16-D4p-qbf-modKSSS-K4-C50-V16-D4.6.cf
230,0.3839075565338135,0.10517692565917969,40.070555448532104,Satisfiable,Satisfiable,timeout,/home/users/u6757090/CEGARBoxCPP/benchmarks/qbfMS/C50-V16-D4p-qbf-modKSSS-K4-C50-V16-D4.7.hf  /home/users/u6757090/CEGARBoxCPP/benchmarks/qbfMS/C50-V16-D4p-qbf-modKSSS-K4-C50-V16-D4.7.cf
231,0.19850897789001465,0.11609816551208496,40.07287573814392,Satisfiable,Satisfiable,timeout,/home/users/u6757090/CEGARBoxCPP/benchmarks/qbfMS/C50-V16-D4p-qbf-modKSSS-K4-C50-V16-D4.8.hf  /home/users/u6757090/CEGARBoxCPP/benchmarks/qbfMS/C50-V16-D4p-qbf-modKSSS-K4-C50-V16-D4.8.cf
232,0.3846867084503174,0.1788332462310791,40.0830659866333,Satisfiable,Satisfiable,timeout,/home/users/u6757090/CEGARBoxCPP/benchmarks/qbfMS/C50-V16-D6p-qbf-modKSSS-K4-C50-V16-D6.1.hf  /home/users/u6757090/CEGARBoxCPP/benchmarks/qbfMS/C50-V16-D6p-qbf-modKSSS-K4-C50-V16-D6.1.cf
233,0.5571565628051758,0.14350414276123047,40.081907510757446,Satisfiable,Satisfiable,timeout,/home/users/u6757090/CEGARBoxCPP/benchmarks/qbfMS/C50-V16-D6p-qbf-modKSSS-K4-C50-V16-D6.2.hf  /home/users/u6757090/CEGARBoxCPP/benchmarks/qbfMS/C50-V16-D6p-qbf-modKSSS-K4-C50-V16-D6.2.cf
234,0.41726112365722656,0.14558887481689453,40.081467390060425,Satisfiable,Satisfiable,timeout,/home/users/u6757090/CEGARBoxCPP/benchmarks/qbfMS/C50-V16-D6p-qbf-modKSSS-K4-C50-V16-D6.3.hf  /home/users/u6757090/CEGARBoxCPP/benchmarks/qbfMS/C50-V16-D6p-qbf-modKSSS-K4-C50-V16-D6.3.cf
235,0.34572553634643555,0.12945938110351562,40.09327173233032,Satisfiable,Satisfiable,timeout,/home/users/u6757090/CEGARBoxCPP/benchmarks/qbfMS/C50-V16-D6p-qbf-modKSSS-K4-C50-V16-D6.4.hf  /home/users/u6757090/CEGARBoxCPP/benchmarks/qbfMS/C50-V16-D6p-qbf-modKSSS-K4-C50-V16-D6.4.cf
236,0.7991890907287598,0.2497119903564453,40.0822229385376,Satisfiable,Satisfiable,timeout,/home/users/u6757090/CEGARBoxCPP/benchmarks/qbfMS/C50-V16-D6p-qbf-modKSSS-K4-C50-V16-D6.5.hf  /home/users/u6757090/CEGARBoxCPP/benchmarks/qbfMS/C50-V16-D6p-qbf-modKSSS-K4-C50-V16-D6.5.cf
237,0.3024787902832031,0.1287062168121338,40.08189940452576,Satisfiable,Satisfiable,timeout,/home/users/u6757090/CEGARBoxCPP/benchmarks/qbfMS/C50-V16-D6p-qbf-modKSSS-K4-C50-V16-D6.6.hf  /home/users/u6757090/CEGARBoxCPP/benchmarks/qbfMS/C50-V16-D6p-qbf-modKSSS-K4-C50-V16-D6.6.cf
238,0.42086172103881836,0.14245390892028809,40.08534049987793,Satisfiable,Satisfiable,timeout,/home/users/u6757090/CEGARBoxCPP/benchmarks/qbfMS/C50-V16-D6p-qbf-modKSSS-K4-C50-V16-D6.7.hf  /home/users/u6757090/CEGARBoxCPP/benchmarks/qbfMS/C50-V16-D6p-qbf-modKSSS-K4-C50-V16-D6.7.cf
239,0.4138333797454834,0.11843037605285645,40.08588480949402,Satisfiable,Satisfiable,timeout,/home/users/u6757090/CEGARBoxCPP/benchmarks/qbfMS/C50-V16-D6p-qbf-modKSSS-K4-C50-V16-D6.8.hf  /home/users/u6757090/CEGARBoxCPP/benchmarks/qbfMS/C50-V16-D6p-qbf-modKSSS-K4-C50-V16-D6.8.cf
